Date,BTC,SPX,GOLD
2,-0.9204967321338959,-0.18078358968113376,-0.10568341515205214
3,-0.8906442082520628,0.05878449383714419,0.3803732108742963
4,0.5005125090346861,0.75613089543389,-0.5092660090344978
5,0.23634405989957571,-0.31039325719203364,0.265369984080533
6,0.9133102550886059,-0.19992032462973625,-0.2622026235483218
7,0.15111029076718938,0.09948399430927594,0.44596433881870373
8,0.020287538285430232,0.0048624492819834865,1.3798127618009564
9,0.9277191657960763,0.033261544347390155,0.25166056955442717
10,-0.10115648417344543,0.33378234165408566,-0.4283176761631133
11,0.6194788896406227,0.421663719840025,0.615319168506973
12,0.8286441318267667,0.12417601211614915,0.6193310160215425
13,-2.4815744805681663,-0.6394976585377121,1.0840591985787638
14,1.0451468621761753,0.2155020915793569,-0.47661355959798674
15,-0.022041628071581717,-0.04829136549225279,0.8560795058686373
16,-1.8834650175447492,-0.153057105689887,0.03133856624987726
17,-0.3886466355256134,0.8271682062136639,-1.2694870330073318
18,-0.19663955115503454,0.23423121614096357,-0.27935704311540327
19,-1.396759865469694,0.026421054203577616,-0.41625938229170834
20,-4.594754402775727,-0.122012110008733,0.06460994979695006
21,3.091818343394711,0.11338390537875859,-0.3689529558194844
22,2.407027283862404,0.08218081499003384,-1.2042709747848688
23,-0.8064833528939035,0.054599002092544154,-0.055947484540394596
24,-0.14195261271848644,0.016620537348259024,0.43099064425765327
25,-1.6386733879777058,-0.27772120734396816,-1.8031788837197642
26,-0.037284968805881946,0.01769392851879634,0.18235647991315093
27,1.6831596659810037,-0.2117353543757435,1.1042727576915112
28,-0.22474057466999778,-0.028271681734335464,-0.839160618307536
29,1.6396013526679754,0.29162792237719487,-1.1840200239284906
30,-0.17131955717112754,0.06213276258609903,0.034784194763329515
31,-0.0966771667947149,0.26138787175363376,-0.3627491029037323
32,1.2273650677245873,0.2748284913990177,-0.7889789659816724
33,-0.4976734966834604,0.13822986693838282,-0.13998804508731383
34,-0.4882854409416398,0.06549201933767186,0.14413832404598154
35,0.4733816277121012,0.4157708803006396,-0.34064606945313636
36,0.17894221605762817,-0.11984629047682131,0.10254475731459194
37,1.894248606000931,-0.17830807560006393,0.8014250089073284
38,0.010628067498515316,0.15126728974502684,0.687791642944981
39,0.16823243868625415,0.10990147405657419,-0.4441409157121385
40,2.6216851176772487,-0.16889103164011277,0.5869861117096264
41,0.7581946753323131,0.036077778675722524,0.6241831932058153
42,0.26761298478920986,0.1056948925194466,-0.1704894452287366
43,-0.5009036882688264,0.019672490702013254,-1.4229330338645532
44,-0.09338943948290579,0.02524083198482604,-0.30520642097992684
45,0.4230130041020731,-0.007839499902525828,0.5402936792180381
46,1.1007825658168462,0.37366451167821185,-0.8275607210764221
47,-0.33375895351113766,-0.35199775662734567,-0.006391205810522549
48,-1.5841028034387619,0.09510083683790196,-0.25626368014604434
49,0.8382940267196104,-0.40740066060676744,0.018670838877709272
50,0.5454903544779646,0.06742481187316736,-0.8259661873434486
51,-0.501249448563288,0.608262716005381,0.144861630643627
52,1.254918363876258,-0.2894647673842168,0.45366004809581695
53,1.1434355688030733,0.041373241178996684,-0.6420358082482635
54,0.9572866596091975,0.09304329722920558,0.5292954533121607
55,0.9525286803235077,-0.018862886574787612,0.02705664794392969
56,0.36235418865003066,0.2129815713426956,-0.7845221829958012
57,-0.6065013967072715,0.06744914901313824,0.996651156465564
58,0.3420002515331943,-0.04914361201213683,-0.5231655754137569
59,0.9136297039923296,0.08120240577473832,0.6183149153090469
60,-0.9865435889907117,-0.3351096067919294,0.2753814723222172
61,-1.713763563793376,-0.10577396074693436,-1.1465059726980065
62,-0.230797026681195,0.044499642933653764,0.3527647357506453
63,0.2187252707405512,-0.2187456131282871,0.29318073548090706
64,2.1075339348044007,-0.4766616700323277,-0.4726082535401128
65,1.5745909458393896,0.6180117433757859,0.0020212230352016987
66,-0.4940925787647498,-0.24407905845364006,1.4755619590100149
67,1.323095754574423,0.06780270651690441,-1.797037735663426
68,-0.38461421997266276,0.48678064550320926,0.4938992531776981
69,0.4554571591342505,-0.09399104852753383,1.2087518137788582
70,-0.03485275735306092,0.13003983099185246,-0.4514545183497263
71,3.7786835291563943,-0.06473742273541744,0.5445599965424103
72,0.4963441430082939,0.7488326229397453,-0.015066784874605525
73,-0.4101361315014579,-0.06353619175803485,-1.1116222026024825
74,0.7182008206670182,0.6176070404788144,-0.8298971085879531
75,1.5026660605350715,-0.1959235289267134,0.42683638081680836
76,1.2884811459788539,-0.11812880953753525,-0.4227449525942774
77,0.44849142699266825,-0.3333049972856427,-1.112897377379803
78,3.9573372931627833,-0.04315176362292409,0.061391434886225525
79,4.910741099524797,0.1998631634380073,-1.139791318686268
80,-1.7319240685272128,0.4046112408414429,-0.44022545905589694
81,0.44661094585486205,0.2213334450279593,-0.16783299820391206
82,0.5770036387593901,0.08959877463241267,-0.48513366045636486
83,-1.3440897147095385,-0.07182590844526811,0.550993558001435
84,0.1724048681599107,-0.3598878693896692,0.6834907994115155
85,1.430702789607294,0.6796534282519028,-0.00577160705457326
86,1.6450094478833515,0.3932101938304187,0.636283803223432
87,-1.6290285006899856,-0.2924939365104293,-0.1492359988211214
88,-1.5073595393471422,-0.10019735483394385,0.41464902303245627
89,-1.1489102062123628,0.12442433515143599,0.04424068448871403
90,-2.962203170516877,-0.07064387881170356,0.6460081470389948
91,3.3006928472859367,-0.1186292635214666,0.6830279870885114
92,-0.39473316507969985,0.029120572705835807,0.28270718195401856
93,-1.8143305577757183,0.11233278895723064,0.43797276484487163
94,0.03940289700429988,-0.44915304267352046,0.9499675735300678
95,0.44796192135603635,0.6265132126010265,0.5124778609610801
96,0.2834564016421326,0.47548492010935733,0.15451658257637613
97,0.5328946120575815,0.2871321932548689,0.2106355273677515
98,2.4022758541753513,0.5258674264412627,0.01675948871279523
99,-3.085558460576174,0.09864461934200563,-0.19295260020715052
100,-0.8837247517144713,0.06997657618512024,-0.5819263785262945
101,0.5263855629548938,-0.12293251765001538,0.41372490368118275
102,-2.4647467980571722,0.5258578595418857,0.2185440411730446
103,0.8871631713126281,0.5033231888144599,0.9550786311814614
104,-4.344734295883928,-0.31607628381907826,0.13584160678074403
105,-0.6201959846546775,0.7145372710592128,0.12759402930640631
106,0.5198942332326024,-0.16326102576713733,-0.9991051714571572
107,0.21701107874722272,0.3154986896130202,0.43311253007974754
108,-1.3535306305840284,0.6077638098413033,-0.13567472745244327
109,-0.16221386216131867,0.13946753436046014,0.3437677010042783
110,0.9355620295962676,-0.0787807403272412,1.9119677550547842
111,-0.2294956428218397,0.01408769672676368,0.47581718617627144
112,-0.20761601951182737,0.9063042380469889,-0.8845308530461852
113,0.2092415641908076,-0.5736173052155835,-0.994248170022941
114,-2.481092508368587,-0.9094332238264803,-0.4445952678441429
115,0.21293371847389342,0.005015228816354626,0.20662386383528528
116,-2.418099741992549,-0.08582360795612352,0.3405758363466724
117,-0.8647489835309934,-1.746438534808015,-0.8812376771904963
118,-5.280462586626149,-3.37649698696321,-0.10346677123222545
119,2.353164420537612,1.3471671697951706,-0.5994272956408834
120,-0.4144791978192616,-0.43457507906337134,-1.2410173290627737
121,1.7477676150813206,-3.090241165956553,0.3164847584726121
122,1.183332929150859,1.1502640650285805,-0.3066966991059002
123,0.4364263306105905,1.0698246410949652,0.8236692766240258
124,-0.858386503060714,0.1744172050582301,0.28127841794467023
125,2.143380535692783,1.0294662737335007,2.1489931586950717
126,1.4667143536619829,0.9242955220609759,-0.25182004939203506
127,0.11016408273659181,-0.004208416191522186,0.03107664003006135
128,2.3426826036029382,-0.5020256344857568,-2.022904225694252
129,-1.4543368452577876,-0.4743184049584938,0.032357232361599514
130,-1.4910167313661564,0.04369496626738916,0.008316878976120917
131,0.6055564650244779,1.2361876487145145,-0.2318109571744084
132,0.10424399639996623,0.8996581171454393,0.1604433437563727
133,0.7125290446666505,-1.055590624292147,-1.432313852231732
134,-0.7169589979500842,-0.9253427736868518,0.1546050762711081
135,1.1034334945506015,-1.1055690467539225,-1.071833788715664
136,0.23475457621840262,0.3700689775766703,1.4363800349447122
137,0.9090972786340495,0.842397093156807,-0.3219579988937267
138,-1.5955119510862594,0.17648304502479492,1.188792364014764
139,-1.7609443442743045,-0.0726984590777158,-0.6481359819891355
140,-1.3305510492046728,0.3216895430054002,-0.5144410474879505
141,-0.17001123781540456,1.3422922061566844,0.14564412796147402
142,-0.3490536697156065,-0.1358694738700433,-0.2976165799922504
143,-0.05975407172619676,-0.5439950375578477,0.4675307576245525
144,-2.364799912811644,-0.49263576065358095,-0.16022910113740077
145,0.04711127469890034,-0.09652279570430924,-0.668730998098758
146,0.06377494445249142,0.10192250523365798,-0.48548477134563084
147,0.7217555843365193,-1.176829656945407,0.40611932529372063
148,0.6731824190824887,0.08424547586317575,-0.5179795858272981
149,0.003709189124472824,-0.18147362184088003,0.7374717016745511
150,-0.5349613546226859,-2.0698169032895337,0.8998766343535074
151,0.3419774804390094,-1.7267178391979687,1.7442111007380559
152,-1.759444816603039,2.1064018276588667,0.36838211664127496
153,-1.0662833838503778,-1.4261605796777317,-1.0627889881261117
154,0.3027797206484185,-0.26736477066332626,-1.464686916310671
155,-2.329591990907398,1.058410464413712,-0.2562906392270182
156,-0.2877846525677287,-1.83862237308001,1.9965948046780022
157,1.0901738079558376,0.9673598042121943,-1.2759030954086636
158,-1.8856841681889782,0.8846134503084001,0.19121501932390889
159,-0.17146745966797886,0.5123095346780718,-0.9743130887606855
160,-0.6075669618720128,-1.804543549236191,0.5683595092134999
161,0.4053101889269896,0.23204982064419793,0.27895174002738443
162,0.17156805076929318,1.2910921144202632,0.42065191902979204
163,0.3899632735656299,-0.47663667604105897,1.071184874385102
164,2.6918994548470856,0.6223449951970751,-1.4678096196981607
165,-0.016548722384674627,-0.2649587961586623,0.4358528164360392
166,0.4129108526503936,0.6111166400557168,0.18150991564619756
167,-0.466315283363601,0.8131167323491582,-0.13442336866286647
168,0.6796023798116246,0.032347174795296425,0.2757925035718407
169,0.3142460393418258,-0.4927645094190075,-0.41046223879726335
170,1.379154236610952,-0.7188777661732783,-0.8727089575650125
171,0.17500281861469494,-0.029544542214241527,-1.184758480458304
172,1.7741110201437602,-1.1101160882414651,0.6824277010594627
173,-2.0550182552103826,0.11257682000710896,-0.8584452145268344
174,1.02129326722965,0.7951490965602473,-0.4352574266266942
175,-0.7435459578487158,0.054872663680331404,0.40422896925501056
176,0.5759199852945907,-0.6907605713872038,-0.3785028678372324
177,-0.32611971326564065,0.16932715931810977,-1.0463389622681112
178,0.24465469824048405,-0.6117381263813748,-0.1376075019648141
179,1.1410091840974328,-0.2142672063224197,0.5384013521818213
180,-0.13262590506236682,0.9828448321121456,0.12259349675893458
181,-0.7903509107305761,0.24171439066172948,-0.08833965374520399
182,-0.3615566396057116,-0.05525904257592155,-0.07213302067455162
183,0.1787010572824742,0.7356773352690573,-0.0964945263007503
184,-0.7080345194001867,0.7110228829822517,0.7126426129303624
185,-1.5497854336330792,0.10225333074182907,-0.16873743648678147
186,0.6698533541803281,0.036507348021673484,-0.2416440445359038
187,-0.5617377392892616,-0.5824777112521059,-2.319924627210479
188,-0.4037263263577472,0.28967222238003987,0.05940267976623216
189,-0.7679759378307681,-0.10243425173316151,-0.21314267079032398
190,0.3859066730051494,-0.24457817681507454,0.11726938602210521
191,0.4076790424399646,0.5538627229237773,-0.07270607217956915
192,-1.0423416077189744,-0.2849204105979568,0.4956831155267394
193,-1.3988824518577865,0.22503223947076767,-0.2535064945857636
194,0.05041999659666523,-0.1958180906575413,1.18805619452427
195,-0.3478563007578624,-0.22255777682272027,-0.1048063629793465
196,-0.05741480590642156,-0.9631881386645539,-0.4394355626639858
197,-0.23034552533072175,0.9737435178107955,0.1563019138981333
198,0.2232483707971572,-0.5854874989971481,-0.186637407669702
199,0.10294785970092235,0.8279530125612496,-0.4817663195921238
200,-0.11396865237618543,0.32300333181838786,-0.20388380976555165
201,0.31080688645267973,0.022068453694136334,0.3621615386023421
202,0.022891085782675864,0.6474280589201685,-0.10518655939562492
203,0.03430093792664215,-0.09110740677181653,0.09128472011688145
204,-0.18832969025510796,0.21527734716936184,-0.06422686429677806
205,-2.2080627028596127,0.051288502174402596,0.001221039852921602
206,-1.0926759897200489,0.10510734164971272,-0.3509457080921197
207,-0.8251592106417568,-0.35630012076318424,0.11606238663647625
208,1.062913952442806,0.163152146489676,0.5321593908709656
209,-0.7673241709942257,-0.1153257109703759,-2.4956559213424914
210,0.8917349528291222,-0.204056172159203,0.0936290922133286
211,0.07904477699243635,-0.356081509198372,-0.16465766333408544
212,-0.013786583331565978,0.10261683664520321,-0.38203041377709135
213,-0.18751645602884554,-0.5425426406449538,-0.37474347633914434
214,-2.2525992639468058,0.11456023024285494,-0.022904647376954232
215,0.5544354448801441,-1.1379817096209826,-0.19078056363759285
216,-0.5888777335453069,0.14187564203138756,-0.798401546053997
217,0.1923919014397925,-0.7243424288390002,-0.36165930698596843
218,-0.9596458230482245,0.4580105085564798,-0.4733434730294777
219,1.106386946263929,0.026523407505335137,0.2581174310293338
220,1.320775304825195,0.21066273554550788,-1.1328469106450205
221,-0.31802488909021986,-0.4302207797381801,0.9684805714298916
222,0.3303247055906601,0.6516582662360592,0.41005157963182404
223,0.07818450239024854,0.6406074987537421,-0.29401621133280575
224,0.18832404774511188,0.6676693484317194,0.28237066233511937
225,-1.4199632814162848,0.24293408584944523,-0.39569313778475906
226,0.18840394843124508,-0.60275421304225,-0.9777656304624102
227,-0.612737627141694,0.6618140411285314,0.1485954886177451
228,-0.0026604997064860357,0.05212874689431621,-0.5024151947726326
229,1.6708220115134969,-0.11620795571884908,-0.1685768268189314
230,1.7758613061702282,0.28276118932605576,-1.1112197714729664
231,0.11353726423816618,0.13836332874343965,0.012414596866487174
232,0.24931325247835343,-0.35043457583216786,-0.3787713454457655
233,-0.3694527961765111,-0.1098360256748327,0.5768290458395687
234,1.0061748151511667,0.11265576506582686,0.24565565661469044
235,1.908162550011018,0.3469618262502798,-0.022414012679885787
236,-0.677966250769738,0.6897282576804846,0.511443995182495
237,-0.66119681750671,-0.2766297852449391,-0.5303909772785053
238,0.5467103746489033,-0.5599653572167276,-0.2642670017194996
239,0.006360884463727381,-0.4950177521574209,-0.1434968187686484
240,-1.1367810050362581,0.3552150733808316,0.14192564526954937
241,-0.4788622989088933,-0.11718479586169069,-0.5593868943433981
242,-0.2022914337648292,0.35853119075216544,-1.5260893416670838
243,-0.42410315975706186,0.33609095336305883,1.0639905781991756
244,-1.509795959529955,0.24810508701816658,-1.3195979863241902
245,-0.6722816742097961,0.1912467170754338,0.8123831348193328
246,-1.5409690614619538,-0.054998448580691285,0.196283436408265
247,0.8606092517596805,-0.1492830484093126,-0.13575403586400744
248,-1.3570642306043166,-0.6043379576807,-0.11835098108880522
249,0.3620803455350496,-0.35468513582286243,-1.8119071771244686
250,-0.3793132769284246,0.4747257761267863,-0.5655315045832915
251,0.3470281040761776,-0.6436315606664846,-0.7568670224444329
252,0.05586433749935224,0.5960890776545699,-0.12967100560001935
253,0.8014802573686457,0.2309803438974209,-0.02167898776180439
254,-0.9629918556570317,0.15968323813453184,0.8923457388255448
255,0.5836537079233188,0.13103160777309036,0.44105977538004904
256,-0.417933459365742,-0.06584775004916352,0.25304053126237086
257,0.5030862679634678,-0.16925186400874587,-0.8666983961522847
258,0.5783691200151246,0.45961021117865164,1.6694956810916184
259,0.49669252664365954,0.5763524221684858,0.19725477116872248
260,0.629990478515954,-0.012528712808765283,-0.7962127484176662
261,-0.1878328844281373,0.42011152588185924,0.3216583720750259
262,-0.25118403958347757,-0.3887255611525399,-0.6131103368683017
263,0.15084236487630148,-0.023294693303960754,0.1105888069777583
264,0.9539074245534475,-0.16629608648184138,-0.7131345179031057
265,-1.802043938601111,-0.2582697363371004,0.15570181062813263
266,-0.9049903136669762,-0.3263233682126621,0.22617486668831435
267,-0.2451921969291519,-0.21103838239241748,-0.3854270658156688
268,-0.5069384055169813,0.11742199180786762,-0.09297384039867113
269,-0.06475051929013799,0.264152026826474,0.17332207267617306
270,0.07087075269683406,-0.005549758661259012,0.7289109640087622
271,0.5299305401045704,0.3868095668560416,-0.2776192517556523
272,-0.05073992814286382,-0.012033341699242505,-0.6679142449173257
273,-0.8304386401059196,-0.48019980034238874,0.3766028512316243
274,0.27768558725457787,0.39370342933893343,-0.296347630282408
275,0.058506509608264465,0.0660147835989624,-0.10172902644072794
276,0.37680490332750666,0.5898422964260844,0.7641156920566188
277,0.6785200735523661,-0.06348082550913935,-0.923308063362508
278,-0.49521039059688565,-0.3153708700119655,0.23502537646033494
279,-0.537059952579485,-0.13835789408217675,0.022250277317455016
280,0.12954970006769656,-0.2972230894924617,-0.5717083565097411
281,0.5711290188994503,0.18639583577584204,-1.5436387402579796
282,-0.14282967891145576,-0.034585107356766766,1.2061725279303597
283,-0.21622064006605782,0.25629378863336966,-0.44142532741884194
284,-0.14727146615617825,-0.06573093263857582,1.320108970239098
285,-0.21528370597275,0.022781023478364623,-0.402373283299605
286,0.21372102673963814,-0.6893101724146132,-0.15494033350039668
287,0.11721166333952047,-0.4768466621781654,0.3145585946348575
288,0.06324925231251655,-0.06560516936607122,-1.9307211283974117
289,-0.06692252529498548,-0.14738148112166435,0.5973804234654102
290,-0.224935690899698,-2.703400139506438,0.1301551403353811
291,-1.1622105071432762,-1.6945871999902327,2.97201378897814
292,0.029083974581538875,1.092796266822187,-0.5270368056327724
293,1.0641467017546193,-0.507135298872297,0.34342576263808494
294,-0.03665988246622663,1.664877716815817,0.35937294461677
295,-0.20804078283964098,-0.054221988084198515,-0.35185998144303104
296,-0.26375670183333216,-1.1920431701993637,0.19453589314454528
297,-0.07359206158500237,-0.06289243485888847,-0.1610651667022402
298,0.03855873960002678,-0.37823107669627193,-0.3959571092121308
299,-0.07393772665225383,-0.4755495269473627,1.0169697875098695
300,0.03285993382596171,-2.53839490841424,-0.5320612086371366
301,-0.10144885010836832,1.440081299400318,0.07281450575741764
302,-0.04045221035920665,-1.4303026345516878,0.25398069008303
303,-0.5228480253012486,-0.5597555485258425,-0.749311988433906
304,-0.029537524951791065,1.207753276079649,-0.23957642836978849
305,-0.093089101832777,0.8281190974340553,-0.9394860241150038
306,0.17303293580330714,0.804923021254673,2.010877987586429
307,0.0014648438329456109,-0.5402254439673951,-0.4967673720021943
308,0.07188075702344376,0.4120795159182067,-0.12614534488076964
309,0.10583285527956877,0.464409640724253,-0.5599364901326994
310,0.19859990320598248,1.6424509336732454,0.16872359550944907
311,-0.2938559707653533,-0.23470509396086314,-0.3524452033223458
312,-0.2682927825189371,-0.7722715061204711,-1.4850378082208895
313,-0.08465582012859442,-1.6235379260017608,-0.6854501946522253
314,-0.07588569119182129,-0.15250261859922168,-0.2261783675135548
315,-2.2932744607322872,-0.6408341234695056,0.9247891763722561
316,-0.383787554074499,0.8077615310158631,0.3910600679710183
317,-0.31899413820659184,0.14336839342126956,0.6598513012676083
318,-3.0010430375111645,-1.374706730041443,0.16058655376952288
319,-2.01423069201967,-1.4973121209625788,-0.39694736891202353
320,0.6942726741747101,0.20869830924418373,0.3610689759613804
321,-1.287910290634347,-0.5593730382166473,-0.2660093881993644
322,-3.111475219247398,1.1971811162593529,0.43851957916714823
323,0.20524153203168907,0.2260898070017024,-0.8058395840758225
324,2.342514346971181,1.7804047339617717,0.8218576919307221
325,0.07506862978822747,-0.20861769236161323,0.012308716608870401
326,-1.4211525674887466,0.6160062833024283,-0.4215434988496385
327,-0.7192049401823845,0.8352384165666294,1.1362207954959542
328,0.316054541805468,-2.6621682838771172,0.5605423371211298
329,-2.598858954059933,-0.1557273963646315,-0.29650827746806957
330,-0.6757045874088429,-1.9189558407028333,0.7289449400815244
331,0.489852419014522,0.1066040069553316,-0.31233800039894427
332,-0.5304485772625519,-0.06250698604419885,-0.2275386169048641
333,0.3612579176792595,0.397714940542962,0.19934918898155113
334,-1.1550388895157473,-0.050008691659097194,-0.26162313906515977
335,-0.5123938348036825,-1.573456890412897,-0.5536235180104493
336,1.9298573680408933,-1.7109393996266213,0.8495792850133641
337,0.8762193095848939,-0.027134742410479997,0.11347768161345076
338,0.25935949925902385,-1.2734402780300684,0.1981302204483031
339,2.132747932478081,-1.3039831413765766,0.931522201709721
340,-1.337247408447405,-1.695828600813671,-0.866759652493275
341,0.9680244866872063,-2.229715288226027,1.1147601731575827
342,-1.260887734768059,3.832500334238188,0.06084332753536322
343,-1.2197932790800856,0.6470548739176416,0.636399592479138
344,1.5255610544710243,-0.13327785926655797,0.11828549536297392
345,-1.0740660440458223,0.6414948641067512,-0.18101167906795182
346,1.1124724902963805,0.06722938537267892,0.19299462847547127
347,-0.6377082616760873,-2.0365416499795197,0.8448273149723055
348,0.08456317117990354,2.66272781495777,-0.7831717712007511
349,0.8987571953680393,0.5240165751151319,0.2996610965684488
350,-0.004684744469461355,0.7367109738696958,-0.3707369976165305
351,-0.010993618012060682,0.29265432989522067,0.46476431623735287
352,-2.066600551977138,0.32609049586078726,-0.4198638860401202
353,0.015124166317487628,-0.04572370130656644,0.1340464785309547
354,0.07583327690274785,-0.4551252045397729,-0.07275217628989923
355,-0.4866885887523944,0.8178734887902371,-0.0975789650426409
356,0.1115202706134945,0.1432631748427775,0.4061331368760154
357,0.10592184881044867,0.5700888148412059,-0.1633335404708645
358,-0.15935618058077788,1.0121696754390317,-0.842773095832377
359,-0.35749350184469486,-1.1730301874565099,0.026780951381897164
360,-0.15412403493510152,0.14174297402950237,0.523591495580678
361,0.06103499286881728,0.07578372153687385,-0.39552466821651466
362,-0.04193731893076724,0.6411946474192276,1.466552443149273
363,-0.8390036444390478,-0.6633278061556822,0.3763229194880478
364,-0.1770711962705541,-0.15044879693548877,0.43956180678165235
365,0.2059818859790277,1.1985098976617035,-0.015371829003820676
366,-0.2148709471365406,0.6498043988729947,0.7433963543095949
367,0.15552889572633108,0.03771411378198415,-0.28932016918416364
368,-0.21733503683226507,0.5054364630640418,-0.2656653322855761
369,0.010476805782209105,0.3411984696813809,-0.047762398176909214
370,-0.3711048381803392,-0.21192650746077915,-0.42822913519699246
371,-0.1274279739883402,-0.7850212285274087,-0.055902933721192094
372,1.6278039068310466,0.019961662781419986,0.3085090188331752
373,-0.14544955569876636,0.022588117063052412,-0.9734520276094264
374,-0.0045495002461719706,0.9890790066538361,0.5296721603613608
375,-0.16464507023482033,0.2071615712630995,-0.29958194201282223
376,-0.1273025370149807,-0.24613573221196247,0.21210423031689776
377,-0.011367978901788292,0.8302860020670995,0.6234811292318946
378,1.8604232836178767,0.08559650373167409,1.774916049094888
379,0.256315829128239,0.10779664590438749,0.20574573209880095
380,-0.28770926938700886,-0.31623253788836564,-1.6411490317366089
381,0.2485753264874746,0.47645991267135934,0.3609458564675443
382,-0.719502245522583,0.06430662310279546,-0.3039285687945413
383,-0.19616952134719742,-0.09720445738111269,-0.11988672558962188
384,-0.054105853361389414,-0.077507791541354,-0.9097533353631816
385,-0.013911698738306222,-0.2600626822937985,-0.16918823140495906
386,-0.00789581358642597,0.5148845214972674,-1.417279868458493
387,-0.6004466758944129,-0.34462558487656253,-1.0039418509873062
388,0.7384327922343701,-0.12447645849876104,-0.271744956246635
389,0.007403056183282857,-0.5569010016748059,0.2006581102049411
390,0.007175139823597052,-0.6857854085175019,-0.16392928608328527
391,-0.09345485726649654,-0.20450137395829893,1.0487484175827018
392,-0.012172933313367527,1.129006738186537,-0.7145206302307798
393,-0.01313424599522667,0.2015326291396459,0.3887586010944426
394,-0.04893897933388811,0.5191893642394136,1.0239463719037627
395,0.06381923074719366,-0.10340567927984362,-1.3420378178058054
396,0.16840557498629738,0.3631778853079663,0.7403658890910765
397,0.358357635103527,0.26145449981954644,-0.1542792323969764
398,0.17452578768921018,-0.04446647614192651,0.3690260383724977
399,0.05248684596249295,-0.26958372559991023,-0.5303216301783779
400,-0.350028744590962,0.8282099333596219,1.0286431155492002
401,-0.06446527686599732,-1.5643195913331072,0.37335178180552375
402,-0.3702641106230938,-0.10108698507791748,0.7896363209825306
403,0.08645573615851466,0.5376825367952913,-0.6509826699129629
404,0.5199622203718818,-0.40589788048965464,-0.40329601935125936
405,-0.13198027455591846,0.2521848324618993,-1.8025037529616328
406,0.1222314084652457,0.5021073785232566,0.22332270457977255
407,0.2830764130303885,0.8847806621714778,-0.39324635327184204
408,3.4809696873265574,-0.03264190724259342,0.05910422971504484
409,0.38017932983307245,0.1373959938300299,-0.04791147312679187
410,-0.25823746218653976,0.13231495747143676,-0.12200518184299072
411,0.46724025108969325,0.335474689786805,0.0673240805796197
412,1.0419319082127318,0.0495929997386378,0.08365332773653603
413,-0.3903407039665477,-0.5201955283441753,0.8767430348614699
414,0.4638716435202427,0.24330062565821217,0.41559234980543647
415,-1.1354096841518648,-0.030991022099713512,-1.7241124953631866
416,0.07318097037474583,0.49219183374765374,0.1167964376385266
417,-0.13226953433841315,-0.08432730760286636,-0.36112533746000064
418,0.683282037605239,0.006641834118575603,-1.2099765211622164
419,0.033395907561319126,-0.21587947892509318,-0.07307069961156586
420,0.1582239151762655,0.09200506673113115,-0.10649006734897826
421,0.3795577247946381,0.04676470425066771,0.09389011948873753
422,0.6576703908228065,0.6691120338839865,-0.40741156764480646
423,-0.4631974010136483,-0.20931060898029613,0.4781157638087031
424,-1.0823594700421193,-0.063516037696961,-0.014691644553154332
425,0.25310920052909325,0.339359580981938,0.7156088474341403
426,-0.16878470457764513,0.0515130681668943,-0.6451507440021944
427,0.3933878363808718,0.04192855449662676,0.06839235443187305
428,0.17713865326527892,-0.635582447002186,0.07658340469109413
429,0.37803691587128146,-0.20388468064113408,-1.0571472950204945
430,0.9900751226986929,0.7322008437889801,0.7368039784909917
431,-0.1172028418681879,-0.39198803863990916,0.1680891925481578
432,0.2786663996645906,-1.3640286440030802,0.10966267844343011
433,0.5338069825957855,-0.16238373560903993,-0.3884813828382437
434,0.6590645149966128,-0.275758740178569,0.2759461483195062
435,0.6800240282025151,0.26259657305012174,0.14262351097526416
436,4.425796803285884,-1.985268473822186,1.1459559860623136
437,0.4637047711005605,0.6037396105865475,-0.4909755946038688
438,0.5364641026033193,0.4310355404064131,0.08358676495579238
439,-0.9099480717310334,0.673394163704116,-0.9966991571000083
440,-1.5969158299372517,-0.501699718325068,-0.9134193776929977
441,1.7851812862773762,-0.5750169725233276,0.09392151146933804
442,-0.07652139603383708,0.6417603129654457,-0.3823794063387933
443,-0.8309701810951536,-0.25997355826294494,0.04400348240176117
444,0.5345556825679304,-0.991475897936817,1.3565096400428802
445,0.25696945575513447,0.0740154459430277,-0.18840300595404297
446,1.8927499705824213,-0.7059187605363861,-0.5950834945966823
447,-0.18812729359307148,-0.5880898103297568,0.2756758335692585
448,-0.9152902878447257,0.1334178742463379,0.026589830210540507
449,0.6281500192310261,-1.0951236278733343,1.9295725368191448
450,-0.9923131043679572,-0.25523487047144067,1.3174638573908393
451,-1.4193988871673309,1.6599329654779849,-0.40151312720295257
452,0.2942524122001435,0.6153016445408428,0.7787099812542885
453,-0.04142805494276355,0.4545884181936089,0.6851858485059186
454,0.5794434546076515,0.800168490423941,0.2298873320517431
455,-0.1546950586053981,0.3373521118850934,-1.3783642353647243
456,-0.23555320176332006,-0.06199025353240218,0.1125617060272475
457,0.5611554751276782,-0.19696799371629783,0.4077768849953724
458,0.1930186574152025,0.29260154485245876,0.509080801464733
459,1.1669015327518124,-0.1628707505498254,0.02375965032406913
460,1.4936213442941613,0.04035894598499696,-0.16660525272436735
461,-0.6049685122975262,0.7384605544201073,0.5776420587232052
462,0.4238432327863403,0.2040689570256041,-0.18972765783638929
463,0.5576128806880395,0.7190585157328006,3.695289909112353
464,1.3443113221515293,-0.13468876698553103,0.20421553570192405
465,1.7656219889423224,-0.17250260927325334,1.3294587425689168
466,1.4681108595482917,-0.7962512390467834,-0.0021096272235882917
467,2.1369414694390194,-0.13266611512487236,-0.5744659612521206
468,-3.370775976034678,0.2707838334948774,-0.009482662085000357
469,2.247726453976522,0.42456091378175376,-0.21345003873256702
470,-3.5291004790909235,0.5765023621750748,-1.87770333527295
471,0.4138446871910875,0.19952612134645406,1.6697188620505212
472,2.205154501342746,0.5765085109049096,0.9324512558990151
473,-1.91894673980741,-0.17842551138251303,-1.6115617431858091
474,2.436929597227528,-0.42123757046967447,-0.047296102149790444
475,0.4735933608475834,0.06468118323097678,-0.0016212641755292815
476,-0.7767572681506497,0.32547582402174824,0.8697386289754979
477,-1.5266793043425662,0.1483036467739326,-0.47826766600736415
478,0.8320076824753987,0.3341819692527622,0.37626099473959407
479,-1.817936430211226,-0.019988776614343607,0.0583945381608678
480,-3.0973981715049557,-0.30640031200863616,-0.21326548738989853
481,0.4602349994681312,-0.5574755009837091,0.7204760187039879
482,2.0655789901068107,0.2515891443864301,0.4690706663044748
483,-0.31663495099319944,-0.528975569701486,-0.144227750412818
484,-0.4302038908366559,0.19160617925329468,-0.02474143979738863
485,-0.9955114554449673,0.5110892384618388,-0.4288383857622445
486,-0.23326282265174245,0.3395866456042051,1.064202654057602
487,0.18736934259301766,-0.4555167643798801,-0.7096011498390608
488,-0.12749336286371196,0.5539370981813173,0.31068877654124877
489,-0.8311189930426628,-0.16323897380253907,0.042153069383885876
490,0.1675828874147533,-0.24029012864454402,0.5905750849827712
491,1.0319952561148673,-0.9083599656486478,-0.33581047114559703
492,0.6384431878082887,-0.7561307106242983,-0.4407646662903009
493,0.2137141280937432,-0.6179239711627537,1.811941381045146
494,2.501786407580601,-2.4488799750997416,0.47829982472917476
495,-0.6532921592337981,0.9990779399279462,1.3773117215415813
496,0.8350692406837144,0.02719971460346945,1.6065172991530048
497,0.009688123311281167,1.450844978826464,0.11578034592203028
498,-0.22602662065229884,-0.5643395816752227,-0.1103196470013605
499,-0.9433029826511409,-1.0240770151990972,0.5732962575585795
500,-0.9954933699835947,1.1656573775782217,-0.2576964925408114
501,-1.8068808575500754,-2.408952608935591,0.9204462362490575
502,0.5255041353271174,0.16257191067545826,0.19726395113078077
503,0.09815806679183366,1.1101164653935973,-0.5700573077177463
504,1.0830516430946124,0.9271963267948967,-0.8825267116385526
505,-0.3449799506360092,-0.6687948664113995,0.249039132193293
506,-1.3499456216151675,0.6220319250238466,-0.03968272302595752
507,-0.05038952876787898,-0.07447275113793463,-1.341575113529914
508,0.5572249407190242,-2.134041448715865,2.791299790826435
509,-0.11377677337994614,0.8385224613265939,-0.06741554857019641
510,-0.4313761831272295,-0.29032306760724413,0.9679196456683011
511,-0.9853251940889045,0.48712516212512846,-0.22530372438105076
512,-0.5923075875403457,0.9730730647681952,-0.8824684457308617
513,0.1670753470231905,0.01729426732062449,-0.5750555459312948
514,2.1947629103374364,-0.587059257712886,1.805349082848345
515,-0.09538099305782186,0.8273878921164832,0.2681569253366861
516,-0.07458077497217028,0.9985098892499319,-2.450770903010274
517,-0.5018264122395415,0.03867145631885824,-1.396833033976903
518,-0.07415517769660797,-0.04154635548101221,0.3065187946217421
519,-0.505786582623324,-0.008294164439984788,-0.882416582385797
520,0.09987300159246817,0.5414065646539368,0.24433320407835438
521,0.45941583677235065,0.19562538077870423,0.25772176167347305
522,-0.1401153050689824,-0.09192482232357435,-1.212861618915168
523,-0.21355442028541688,-0.28490636800658203,0.829000505353241
524,-0.1112990058086965,0.1719331556360503,0.6882421866029471
525,-0.1277212157658307,-0.006666112796048869,0.12921911774706946
526,0.11113897259352595,-0.03244068142238139,-0.7169018760094741
527,-0.21739819421625287,-0.42606452653201116,0.03813392275029942
528,-1.033604917417939,-0.04178009126671018,1.6580660599085482
529,-2.6935138768043956,-0.709197013280552,0.0020685953214137653
530,-0.37831821400708643,0.4564132675772049,-1.4261850371950802
531,-1.00921628901903,-0.22829871341966512,0.1645216213099413
532,0.32143864070856243,-0.45984939444442063,-0.6605487930166176
533,0.07637341502669438,0.3681617753436962,-2.436858457195947
534,0.09526698663306551,-1.019309489800084,1.119123343166124
535,0.09543213171801694,-1.4771346868444972,0.8159027218845557
536,-0.3863016480601725,0.6002501651836921,0.8654350043301379
537,-0.17947255767451542,1.0936389974004714,-0.5761689345489
538,0.07076511848408662,-0.3925743031754231,-0.16714172039676353
539,-0.08014274034805767,-1.2868364912237458,-0.551048325019487
540,0.923313646165638,0.6899568149613464,1.0651918767618944
541,-0.058925031921772744,0.47682448727921484,-0.8814658159119315
542,-0.7232265215150847,0.8350449495248807,-0.9096444664601998
543,0.10407128969312775,-0.1449188847314324,0.5956611651724535
544,-0.48397238649156943,0.7573091674019157,-1.0479990628051679
545,-0.46197903707114885,-0.19392344913134224,0.7120965148771407
546,0.1181702561455476,0.18635956317144045,0.26666497427884767
547,-0.39246553914358506,-0.34773607371074206,-0.7606432852517235
548,0.6978157868242446,0.5130039210906865,-0.04684538232899981
549,-0.48083912839517057,-0.31961795087666806,-0.08266878936119407
550,-1.6239576374568054,0.1930761536804706,0.5462983303370207
551,-0.09724707928715685,0.11922543122017445,0.599780619602012
552,3.1452415067318924,0.2906379666577785,-0.4086823557472406
553,1.425643056407473,0.41057184168418814,-0.3030201675529052
554,0.3682124323703072,-0.1005580753776159,-0.4037310818112197
555,-0.558675528728315,0.22542718206858262,0.13892771854193095
556,-0.04988958085250655,-0.2758737742919233,1.4911734241611072
557,0.11120489835078883,0.7341022663981549,-0.5192518645105068
558,0.3212922082267876,0.2613066521799869,0.17921202752754095
559,-0.19942809314622337,-0.1288083860780975,-1.9901822757193193
560,0.007889541112009367,0.02206079752926096,0.6334963991711542
561,-0.25534909576821335,0.18375169222515364,-2.123056931623135
562,-1.1604243439193909,0.17025385437389318,-0.25100682690288634
563,-0.15305116537731941,-0.19095587640995648,-0.3464830173371401
564,0.10948254907463505,0.09085288884440033,-0.40607629971597525
565,-0.05367571337889873,0.02278220737868976,0.7792967336881979
566,-0.28650774215711344,0.032800287785687506,0.693503846882896
567,-0.5873316482402449,0.5783404639839752,-0.4818949380033577
568,-0.513083026422333,0.006146382740580535,0.2939587620492676
569,-0.30964643741748804,-0.08138786542049699,0.061653397691746645
570,-0.5194357496373145,-0.33465228559305304,-0.278700712927825
571,-1.11368622743272,-0.16056967578203535,-0.0034334064453389822
572,-1.0536035212297836,0.13951298818240768,-0.1629807291142348
573,-0.4929584408272688,0.5634203911374677,-0.40315274165259873
574,0.18574823798802992,0.14115773341872273,0.2221405607475295
575,0.8982238634190517,0.2987304757906186,-1.061517172294998
576,0.6244722130601918,-0.35510443617706594,1.3664471707086878
577,-1.315241157275105,-0.726491028603106,-0.2933073032887507
578,-0.040757237272940165,-0.5660675836040027,0.611279488426216
579,-0.24060991232926363,0.4695117126087566,0.10443724806183016
580,0.5514890846966406,0.08571678023944394,0.16894571849486414
581,0.2539666158099771,0.6924291289701247,-1.7786831222553567
582,-0.46470893560281107,-0.28708878831309254,0.38318271761900174
583,-0.4027709856351854,-0.12170953250856562,-0.2071700764067636
584,-0.2192074116367145,0.1979356764987744,0.8601931406375792
585,0.04288827649967409,0.6480484618053436,-0.234977460127247
586,0.04516018032734415,-0.02823852241887636,0.19896229504076857
587,-1.078719208853026,0.5349112518667808,0.31368620144037596
588,-0.9805753456794801,-0.0072569955518916925,-0.03248329616307101
589,1.975115299714061,-0.06857671092994351,-0.176555054419373
590,-0.259668570703602,0.3213884184415975,-0.07573098823410056
591,0.013438055904571344,0.3599887248770982,-0.2923625124049705
592,0.37726366395976435,0.035122933187996544,0.9674622479493369
593,-0.13430489210483187,-0.049650590519120325,0.7023696678055229
594,-0.2873977676771318,0.3745644803061533,1.0426853295490766
595,0.11938304404714814,-0.031321563413058015,0.22042432983764884
596,-0.026468669346155792,-0.49715915983028447,-0.004581753110837983
597,-0.3367210806846502,0.20095146753981874,0.023469909044390367
598,-0.6802648233737791,0.6324897375548578,0.561896235413622
599,1.0670695156260084,-0.5999921471641705,1.4220582578182699
600,1.1987577411632444,0.24771866542188756,1.3004156479748517
601,1.0529017181125446,-0.25827869088602784,0.3333577322267772
602,-0.2619990536726934,0.3566238983480107,-0.9986521600092177
603,-0.5881105796943223,0.4958372859233103,-0.4435281730893713
604,0.7521288518884388,-0.2624395339277976,0.17954196123618107
605,-0.09546428874058836,0.5213020293052419,-0.5129492829581416
606,1.7355156608329247,-0.15511173638123063,-0.45293387794340295
607,-0.08694004583671487,0.11521902337923434,0.6070348583367439
608,-0.24383108398355582,0.6315193328419676,-0.28002355625685726
609,0.47570352377143355,0.27388621642312944,0.5293896410088699
610,-0.4905491248842522,-0.2461626432586431,-0.20392176072510487
611,-0.19916963038978736,-0.010947691097229475,-0.019138998499030974
612,-0.7408166649495457,0.0570550997914033,0.9757055801173165
613,0.06625301719525406,-0.7596264871624796,-0.07359977373947897
614,1.1408070343797194,-1.3006235437777534,0.8117532997800675
615,1.0444160065631765,0.7650527374378658,-0.5727237475300371
616,-0.1339548620323217,-0.10331386577444691,-0.02615507348966662
617,0.4137841214778827,0.21595060227098367,0.849367489702443
618,-0.4044418290819657,-1.4610815498350995,-0.46307725883278833
619,-0.16958545406033618,0.5433839086809912,-0.07335760858643998
620,-0.30294717520796366,1.153752558250479,-1.8672560802886304
621,0.9760371344379393,0.8596644428118607,0.45938186756334143
622,0.2291453771277848,0.2311839233410343,0.4502670821094932
623,0.11361919540766569,-0.4666358682498527,-0.13477452830628722
624,0.10042018539787251,0.5490766490523141,0.6984436322852714
625,0.7348914774684779,0.10072831715485432,-0.9818633446843322
626,0.21689289842924792,0.4805510136290141,0.3680359216536419
627,-0.274128715818656,-0.16438565722021217,0.4475299228022701
628,0.17399798480415668,0.11309303571494428,0.223297227592917
629,-0.40069925187204836,-0.26762799299938766,1.1191097741304425
630,-1.165607181978715,0.34098900006522986,0.7435421408042094
631,-0.09211446177252333,-0.3394101259813199,0.5341160793818756
632,0.1423279287244124,-0.878692003413665,1.5338632686477973
633,-0.11764016821793162,-2.757056023933389,2.0144068929642134
634,-0.748986817743328,-2.4902365938206255,-1.744356608378585
635,-1.2965007083437174,-0.33644489018297663,-0.4863620012262583
636,-0.12515146515055225,-3.642151774933538,-0.0786130062848615
637,-0.3172447687880281,-0.6948561666869036,-5.252936096629632
638,0.4587933849391652,3.561516331671737,1.8649867776094526
639,-0.23899798855024967,-2.3115073141511355,3.242939726352239
640,-0.11673188432095055,3.267988847542049,0.01872159059635269
641,0.7619677735616345,-2.7908223505995715,1.4677045040867986
642,0.0704729148680498,-1.4080799400311466,0.3434174175753884
643,-3.1308140852731348,-6.34553630200749,0.17043692175945285
644,-0.07384424866460011,3.817472529148965,-1.100872067759107
645,-0.030503691399446455,-4.036349356231732,-1.1245232022212766
646,-10.245565310378655,-8.017818611994876,-3.4692540326183146
647,2.4405416507365403,7.060145874425379,-5.090583218556066
648,-2.3187251040645753,-10.231133336161706,-2.1835027592395932
649,0.8709563074709934,4.617190783452847,2.678867228676728
650,0.01856109986553787,-4.28553123929461,-3.3766958749519347
651,3.636132676080542,0.34114978637287025,0.06124218653570765
652,-0.008325353934431502,-3.5750100806619387,0.2984394095067523
653,0.7225722410428032,-2.4090443937490913,6.148223821459958
654,1.0291257036625663,7.130028590161908,5.731606775459093
655,-0.21124479095091797,0.8821281955257495,-1.7156679950353124
656,0.0808035835731859,4.802318499517431,1.6427227335586194
657,-0.8572163870358362,-2.7714160691698644,-2.402556753900018
658,-0.171334243388876,2.5993967920849146,1.2196802828348439
659,-0.005169134488497361,-1.3235143525170634,-3.991135401189999
660,0.5311232421479953,-3.640412456210319,0.497504324891261
661,0.5775018588328543,1.7691098909719252,3.0172104312272556
662,-0.2309022910600634,-1.252463434737815,-0.30034462312347815
663,1.6548061066140047,5.395394591053268,2.7486450879776783
664,-0.3252676200302748,-0.16219392179687364,0.38532481260362766
665,0.4422927604891725,2.641157498406175,-0.0017048908980675077
666,-0.13132586283990091,1.1149423028301702,3.1952264649873796
667,-1.4553225839705721,-0.8453213619449979,0.48699664996633074
668,-0.043605547752113644,2.3715712307985486,1.422528701182499
669,-0.6880341442625939,-1.8135435193035137,-1.7832826183344281
670,1.4813746407769202,0.42926565073890344,-0.5616022958253627
671,-0.0989748586841331,2.0781149700024057,-2.6883163880453043
672,-0.7087092635280637,-1.4753326684788461,1.3395886784105517
673,-0.0404482139251024,-2.5227653375968933,-1.507332903661975
674,0.708469044611979,1.776989731438187,3.1028064953957446
675,0.9089173434428116,-0.07713797821765063,0.3947966867524559
676,0.32021295678406597,1.0700982213603076,-1.38557128652429
677,0.6654710712402376,1.1327877347302366,-0.02113061883186633
678,-0.0029598869038929766,-0.45390900612429486,-0.13866461232384714
679,2.597744379110534,2.06180084430364,-1.2096576584382042
680,-0.39382854604874956,-0.7733545037648791,-0.6169376376811498
681,0.4818897869771397,-2.3074913552687826,-0.020809801612478397
682,0.08313850398271028,0.3047285613416158,1.1364034792764923
683,0.18653327518190713,0.6848954099717068,-0.2077928129678109
684,0.6037646978699228,-0.5935193865821815,-1.4257536369518482
685,1.5263317960671028,0.8797289381024014,2.28934914129783
686,-0.2768702892075395,1.3024510214356109,-1.0262710852678707
687,-2.995870422995816,-0.02340647958169097,-0.7840938950618281
688,0.47645179003902055,-1.6886588087631382,0.5113064071312164
689,1.0967265873554455,-1.4413150324952868,0.5581657115371913
690,1.037245980820951,0.8813235588125231,1.4710487830122143
691,-0.970170165955389,0.2789948281616244,0.722927592736519
692,0.8835793768701481,2.4435167743643484,-1.2010172072656125
693,-0.029664596113566588,-0.8759711244378777,0.6464233706173014
694,-0.5055500259890674,1.2851322588704404,0.26519453527385056
695,-1.0775011562584789,-0.6574319071526047,-1.8016609184982455
696,0.20732035787217692,0.15376164678876872,0.7436028226648197
697,-0.882865786474409,0.9416637265126938,-0.4336898321730707
698,0.8086798237719028,1.1417008980695156,-0.12606626473171884
699,0.7746199696054642,-0.2025982000960676,0.05286839364914106
700,-0.23594001069671006,0.3494601246830838,0.48939811833367597
701,1.5974072794459435,0.2650587197425548,0.779500554566603
702,-1.4578031836149516,0.619182356346598,-1.0369836667144596
703,0.255435464755424,1.0488960094396678,-1.8499277787057076
704,0.2897938565586149,-0.30358881188391823,1.364078131196177
705,-0.3402007739859813,2.032828394462792,-2.8152591311787853
706,0.20430825071050995,0.9221223180002188,1.3508884157581977
707,0.019142070045253787,-0.6594908904451565,1.0053975610236354
708,0.13099962955816793,-0.4595874759698743,-0.11399245545732539
709,-1.2909648383213768,-4.887075396163013,1.136974383684208
710,0.33650403995160844,1.0025338270460467,-0.1929586321820483
711,-0.10518710094341543,0.6272147506850902,-0.6611711370039872
712,0.1668427372249645,1.4665329876340243,0.5327108132907636
713,-0.1687015605901902,-0.322153944628588,-0.09494150306614092
714,-0.19435134941656484,0.01341701594951313,-0.3164071491982855
715,-0.32618890814798307,-0.4866081565673091,1.300334009521771
716,0.8018430515936402,0.48312641990905125,0.7720055390392538
717,-0.07866931316551347,0.30930953391614946,0.897546505558555
718,-0.7684018022603155,-2.126563259304053,-0.45321037852396745
719,-0.15063973469980826,0.8366624039379352,-0.3102415814937247
720,-0.2781994329626998,-1.9931556274702544,0.5426690082441437
721,0.03165604144624159,1.1305526301000368,0.014188963051390658
722,-0.161955318052036,1.187545274325679,1.1090614034231032
723,0.18089164710165653,0.3661370655863392,-1.2662502494620436
724,-0.2864357408948264,0.3279061449513108,0.5634563720058755
725,0.5635458828654292,1.224656904869544,0.16853216127800616
726,-0.325840870143303,-0.9029496515495051,0.9305711183037834
727,0.3789070657263903,0.588801595750142,0.5886209410284222
728,-0.3884412692447018,-0.486135065507128,-1.0278427200772091
729,-0.033238407564060844,0.7976785989070827,-0.15201771266073436
730,-0.11871675538989909,-0.7854567539482598,0.6795742071231994
731,-0.036178770129516646,1.029774666062458,-0.0808205760877021
732,-0.15529704052883272,0.6881802946760721,-0.016173434360295315
733,-0.180560388020307,-0.3065865021993187,-0.8360008862475128
734,0.010832167424844639,0.1931926992535656,0.5330875716041116
735,-0.004425416887838671,0.6347185916324297,0.39521573902314383
736,0.46408628250151324,0.09997588582385618,1.5033286977959202
737,0.31461890014543253,0.42373723635972943,1.1788431514842965
738,0.09289265206304419,-1.0242822741861681,1.3739454890069784
739,-0.13677032825745847,-0.5300739827595592,0.3824608559818737
740,3.082326987617563,0.5545276760487283,3.1641845794547496
741,-0.19180320106133683,-0.55282398793671,0.42265794633414394
742,0.33934094036716245,0.9526473340712055,0.6527859683220428
743,-0.013968302665239863,-0.3341765915217371,-0.5748693588712789
744,0.380507358263381,0.5763599810616241,0.9904516815927494
745,-0.18536819737965132,0.5375474943077203,-0.01821530149868727
746,-0.11440308894948369,0.25397167718018504,1.8063503258080844
747,1.000900889969341,0.4779394714894632,1.4425555130430239
748,0.025941857749657484,0.4777769391632287,1.000693321747071
749,-0.3703184767595173,0.01651529042220528,-2.193742524240417
750,0.4825130566684437,0.18471746355447993,0.5734989164539854
751,-0.9175854277969284,-0.6731756282707395,-5.035885812068563
752,0.298049505855041,1.0762820446993318,0.10808307417115201
753,0.339344165650205,-0.19773604031644573,1.1243079467217683
754,-0.06370874807604299,-0.047767781399148654,-1.159930244779857
755,0.8529782881522501,0.18213822842030286,2.600596874810159
756,-0.5121930358366604,0.14975116540165662,0.7255192506342683
757,-0.46624119573244993,-0.3866447339256005,-2.3303265281114003
758,0.1880220091826987,0.21788356264677605,-1.3350767923680276
759,-0.5704685514019529,0.2403739171282536,-0.012306040102127458
760,0.3072242132547507,0.7642724464439695,-0.46756178667980114
761,-0.8109164356648755,0.25273163507253726,-0.9283381260586012
762,0.19977636157446302,0.7762855585994463,1.577532096438672
763,-0.35299642432700934,0.09949794155007669,-1.1316400609940485
764,0.3858306963086588,0.5019713237689554,2.268176663453248
765,0.2264923838092292,-0.20956674228585556,0.15983023427402224
766,0.5029457832369014,0.5648246478182125,-0.02352235189536387
767,-1.0810174700745223,1.1840864513566833,-1.897929454936478
768,-2.4085845860648303,-2.8904199957301584,-0.41855173193065814
769,0.5289955293707009,-0.6863741305987994,-0.23237867712171797
770,-0.8448101062567919,-2.282617573364656,0.4496338902226466
771,0.2038079624660325,1.5591886062328695,0.6001776105926027
772,0.22236112643899952,-1.4512403161898433,0.4716248889510863
773,0.044715419632587114,0.008535183220600597,-0.9333509995218939
774,0.5482534974576627,0.9773748938135671,0.8214220763191558
775,0.20232880257993252,0.3818116501162442,0.09593285085203421
776,0.3239358041450561,-0.4038611758469593,0.1931732091538975
777,-0.08716728721905523,-0.7088743417097246,-1.159873094073628
778,-0.04406661713638498,-0.9323540783869935,0.6251515363050351
779,-1.0254453006899955,-0.9637466224346913,-2.874793118247692
780,0.12421135947929693,0.8017690674744982,-0.2071822824713233
781,-0.6531646384147833,-1.9517875576105876,-2.2528828278549513
782,1.03992260130423,0.20425178549709813,0.4441375465201634
783,-0.1731772194073649,1.2321265280100218,-0.643374127487799
784,-0.00045692716721037536,1.2426511831177451,0.8702400144567516
785,0.239965804030722,-0.41940904929651196,1.1373226535528382
786,-0.15742469182579516,0.6225801447494138,-0.47180566235031324
787,-0.3740484759363926,0.38765610507507053,1.1236087323860904
788,-0.1253619206708243,-0.8028045234659417,-0.5247081134304586
789,0.41174841743531776,1.3889082785297109,0.6565022790468116
790,-0.42321812777247786,-1.1581392006691524,-0.6688363125271817
791,0.09812951454155165,1.3436994899028674,-1.0496071424167446
792,0.4670481701287354,0.6032783267892601,0.202448336387465
793,0.26219136065669996,0.6653371473611005,1.6953586771404718
794,0.9185480028318153,1.2666427607099175,0.10962393873493356
795,-0.28276888347726903,-0.5394402668382999,-1.952157316076186
796,-0.02829159791275871,-0.5648651135068601,0.6724413137720314
797,0.09097656572253995,-0.15616957372621315,0.04969718001785736
798,-0.3688259381085417,-0.023259387302937615,-0.1793717771414687
799,0.7648650746659675,-1.349264513343465,0.2562410448474037
800,0.28850390871148957,0.3427022288810988,0.1664196762184971
801,1.5770547333208156,-0.20962575203482925,0.7421016927463772
802,0.2070629301500264,0.38177713467041396,-1.4241828992762042
803,-0.0935140850543994,0.24074445947159653,-0.006108955817393013
804,0.2075853253318003,-1.5329776050712964,-0.011712659526614938
805,0.9166995435727489,-0.27609478164944434,0.30653767207490096
806,-0.6601956394434395,-2.9038360170574045,-1.8785241587969144
807,0.2388567400038389,0.9146827974103499,-0.6768646380860948
808,0.14168075732223426,-1.008891809308891,0.6371968754834301
809,-0.028794470627100183,0.9439535855774367,0.6723589668856286
810,0.6036392225727207,1.3752986959216433,0.9637594070006184
811,0.25173892861750613,1.7079897630932455,-0.8349335216841787
812,2.105043608059728,1.5055483415942978,2.7674065827750454
813,-0.05493306672352681,-0.05702283576545902,0.22826481345765193
814,-0.36739139235066415,0.8951476812963325,-5.49070904183284
815,-0.09465032421173039,-0.14593285395776256,1.21743730366262
816,0.5467269394178341,0.5748815530753724,-0.8837473224217993
817,0.7549780661344744,-0.8351437880173191,0.6281370941985088
818,0.0206726558311262,1.045850566828266,0.691813897254047
819,0.49461136420590757,0.8910545440616673,0.05069660565586982
820,1.1534294820795583,-0.41774440036349647,-0.19224232330688013
821,0.1613646312238776,-0.9631592182343941,-0.6748644276134411
822,-0.019087145257107307,0.2805925066009012,-0.7473631178080625
823,0.9347417715545586,-0.578490180703828,0.5826405566766429
824,-0.34079325576233643,0.4149084953087938,-1.6630309495347961
825,0.8365668588571424,1.2466665906823804,-1.9761655304081123
826,-0.4711064544176577,-0.1607029741651996,-0.022025930344067707
827,-2.0272902360294296,0.1572098011694285,-1.4078868457275058
828,2.9808157872955676,-0.40198345399905144,-0.4697511257450911
829,-0.9762337791516804,0.8612910022808994,2.2107827511553793
830,0.4250720466607207,0.10891748645932758,0.6204709820074825
831,0.24255244802239764,-0.08391070871661847,0.593251965258618
832,-0.8942605871767242,0.6687216022776755,-0.10338663180636774
833,0.5351987131339228,-0.18880849775302727,1.4559537818293928
834,-1.055062247412751,0.1882966271679215,0.4675014881661585
835,0.2421509377250872,-0.671570756223726,-2.129433807663358
836,-0.3800456388604942,-0.13675914193920594,-0.10347674860645519
837,-0.28453379371914694,-0.13515062647488257,0.3193857551548466
838,1.3642445254846065,-0.38302330270569035,-0.7066587085195113
839,0.15846801521985288,0.9915257379640311,1.3016127614917807
840,2.0091598114572937,0.10745253795875259,0.17841246109350428
841,1.453984377280556,0.42457695180591787,1.7399568985120253
842,0.28307399873616507,-0.3150045664606626,-0.12429451884137684
843,-0.3555322140687079,-0.3466882402600141,-0.3844643146784949
844,0.8892146893336149,-0.1998107316636674,-0.7497058273307309
845,-0.541414235082299,0.02551830200911994,0.4039262259552232
846,0.4274249633035924,0.2479746891612575,0.24937426071586496
847,2.8644845523782174,0.6597144200557875,-0.19828362393060459
848,0.18883159338943498,-0.21216207287787184,0.10193650751357773
849,1.1209726462508338,0.07305719064625134,0.5530718702236772
850,0.086902382073817,0.47866193334486884,0.055977779339003116
851,2.1069519238064145,-1.2214614288616927,2.8183078844038683
852,1.3111232850969243,0.5297405402467841,0.3865730063411613
853,1.7228897152839096,0.4207794440138847,-2.567304675009326
854,1.4339582358298741,1.143283564401737,0.23919115897756857
855,0.7467652644574532,0.4034637609060326,-4.487073684117364
856,-3.0499024990969295,-0.5593656993456261,0.8509432395034497
857,-1.0747921272305705,-0.0008292360326612122,-0.4204687057433897
858,2.0594309421539383,0.1475397251885471,0.5769689516117109
859,1.0396035093896225,-0.33443313748663855,-0.24099886646867724
860,-1.4010540017676925,-0.6104639755552932,-1.2847510499530141
861,-0.49069358543250463,0.6132831027814846,0.5586068933421752
862,-0.35553927154294585,1.0714823403613103,1.6840145151722523
863,-3.1666364508652953,-0.00873986281747087,-0.09099011962575979
864,1.4660897602692267,-0.2748923325992372,-0.57704118982505
865,-0.46500290628685637,0.254282745293603,-0.09127432528095841
866,0.10244827094137093,-0.15305574478487508,-0.28077425797449046
867,-1.52645804019142,-2.1120286988685057,-0.37928264029651587
868,2.052412231324043,0.7418802299262203,-0.48452311864881514
869,0.5160134431742087,-1.5917630570103642,0.4858386670032101
870,-0.5398543754458014,1.2380266813937215,0.7409137091876103
871,1.2207791318262196,1.0685356207851502,-1.7983188824303962
872,1.1462104692485673,0.046505449266355206,0.05910692255861954
873,-0.3577244480534016,0.828276381054228,-2.620593588556054
874,0.6779090229602392,0.27669778426642605,1.249765493446967
875,4.172703967972041,0.5548614869899525,1.1994909309291675
876,0.09972911678068956,-0.12303633294577425,0.15191831854061463
877,-0.7866873859097105,-0.06161506129246952,0.2615368648392176
878,1.3811564357369375,0.09865347817439862,-0.9634103836652775
879,-0.2215029034153118,0.3414061947629854,-0.24994471545878372
880,0.7350389589233693,-0.07952378720364686,-1.4639791995454832
881,1.2437649243044424,-0.05963471400833634,-1.6034529709800593
882,-0.23380113409668257,-0.38756265367727255,0.09251214798645677
883,1.6847337670773872,-0.1823465160194628,0.1043431262189258
884,-0.7061195054416873,-0.6541507448061934,1.8033686857542497
885,-2.333013581755912,0.06625776262076859,-0.18714022707561795
886,0.3576376930887493,0.8676437880556992,-0.5129222567063377
887,-1.22096781560987,-2.0137803445369498,-1.3820451166358063
888,-0.38987599948907015,-0.4143964371659994,-2.874817000135554
889,1.472389347634956,1.8441602159571426,-0.3978894819451467
890,-0.5966806891427215,-0.6821721689645697,0.6140633593594449
891,0.92410729804501,-1.0846695545850753,-1.1397805240246408
892,-0.9119831653106366,-1.113083718671432,-0.9818962792306851
893,0.12980230726202005,1.5083514212711184,-0.17765664887577495
894,1.4068644461058206,-0.463292981590774,-1.3340080269354282
895,1.022801101095191,1.0887354719886997,2.4031437692503914
896,0.4343735869499626,0.4462298394674416,0.26409301429387955
897,0.6584464220060952,0.792088123630838,0.009831208593928721
898,-0.21575561007365204,0.047034489813291946,-0.21308220366589664
899,-0.588165257329336,0.48287448623599405,0.5413314584724207
900,0.31475081322008935,-0.15952408065857382,0.06505697179386044
901,0.7496499250117828,0.19564363763284998,-0.2739490027708964
902,-0.41617632617616046,-1.2219245275488044,0.42219127454001193
903,0.14920000637584938,-0.08219592750977305,0.5302754345951008
904,-1.5218951942951002,0.5251813201230238,-0.25382560727968984
905,0.049142033746383866,-0.6459408943676724,-0.8326881255277427
906,-0.8382862180707088,-0.47197562896381684,0.45279803467323765
907,-0.4853015840848297,0.383472997088231,-0.544504700419166
908,1.377219400343739,1.2835688038125759,0.41599344547261824
909,0.9820084059471129,-0.10340488366817331,-1.2819670417500224
910,0.4045032041461029,-0.28668904055228567,-1.8326473473469425
911,-0.03480175359115146,0.2548128676955169,1.815430532510515
912,0.03066745259862518,0.9050414840424219,0.7526358287565126
913,-0.04933300447180357,1.1110694247133825,-0.015017418188846669
914,-0.35959678930587674,-0.11184164241737884,0.8322582093457274
915,-0.8597538468510514,0.08372123424199653,-0.1253324780386139
916,0.8389266612649156,0.30240627848562807,0.9714754962064555
917,-0.06498718001488936,0.5802783538392315,-0.8551711041478819
918,0.577944068374262,-0.049700989933895795,-0.781455657042921
919,1.250641488211453,0.22870095004450083,0.8730071644936408
920,-0.17188202506894645,-0.3612408023838661,-0.7311398924635869
921,0.03578697145837778,0.8473085528675307,1.8164510668953955
922,-0.6479091495549789,0.25372405716837465,0.7656895508729467
923,-2.2279748039663905,-0.4590629816378374,-0.616047030372107
924,0.25802370904772026,-0.5792749286934075,0.42885040225798166
925,-1.0572875476783454,0.7059112060184678,0.8377627366158517
926,-0.9268299607729013,-0.773210295288336,-0.7015747939859316
927,-0.32087176008615087,0.8342325724927574,-0.2912040939549476
928,1.1891110663454936,0.10820812345575644,0.09812868101567479
929,0.3722881140323154,-0.05120441941236649,-0.11755423099443826
930,-0.11858864613011934,-0.10160817965453567,-0.33371080962929905
931,-0.549987926902402,0.5043708678450017,-0.37671097542094556
932,1.6216796798987583,-0.6108404302810597,-0.07585617847878234
933,-0.24542672712147115,0.1851852605819132,1.4037138835717855
934,-1.573019849829888,-0.5693037770924586,-0.9837662573402958
935,1.58832628912596,0.022137964248069297,0.45730227940333606
936,-0.43190589748680946,0.6155870388437025,1.8197872053668775
937,0.3355705806941558,0.5527992571647227,0.872207337793486
938,-0.6161162960606151,-0.8720355615621285,0.3263805006058447
939,0.2945486583637991,-0.7299472383008578,-0.12672667351304057
940,-3.176281836078074,-1.7660976381832012,-0.8145976237575363
941,0.21617936602993848,0.9325060168765096,0.030466087915259843
942,0.037279549232867096,1.1488368459692468,0.7811261787024968
943,-3.0233849291158097,-0.2363977188942999,1.657434852987494
944,-0.3545004441239488,-0.7173276822764958,-0.016855629164648753
945,-3.289208480925613,-0.26950823307897914,0.7278789583734004
946,2.1019502827739944,0.8046778118325726,0.09619591358631725
947,-1.993670347941909,-0.09667871104651982,-0.32295894582329626
948,0.7749344462825241,0.7537985195860809,0.4018999629963701
949,-0.2083276097468689,-0.20398861517605482,0.7371254142582586
950,0.4692491969855839,0.11574680989150989,0.1452400042419132
951,-0.519833622538461,0.05899703214004054,-0.3368361680884151
952,-1.65963786631789,0.027359824459454948,0.3414205683685678
953,0.5641780930395699,-0.07337450040626889,-0.05646740369650194
954,0.49157608694055954,0.08146403215817488,0.2341366419257997
955,0.8997615887347479,-0.32443111303762184,-2.102146511643688
956,-1.3719187107799895,0.6685490401696871,1.0190749999127227
957,-2.115918005519864,-0.09770664118705813,0.3427275097524502
958,-0.0929605301852153,-0.02005620511560093,-0.2869679247634212
959,2.369969884673104,-0.1798632640610756,0.02219238138750568
960,-0.4165188697727326,0.3367318195055466,0.010915660233968434
961,0.3397555511964546,0.12145687576720748,-0.9881692365346516
962,1.5996258696409884,0.11083399330799484,-0.8194476566491342
963,0.06712129740397778,-0.19489601141963056,-0.5837644924737976
964,-1.184436915445694,-0.46577418068909987,0.2470222601417271
965,-0.2040648605157164,-0.06884965780731679,-5.1178062312711665
966,-1.3842486262634341,-1.0893841745094974,-0.3885901192680309
967,-2.71585214522048,1.0767342604230354,0.794588542168348
968,0.5323369881467447,0.37427243056829634,-0.36900979963894504
969,0.7725538736822318,-0.12061789273176989,0.31953278559679066
970,0.5684268222161728,0.428833597356078,-0.4408856720861838
971,-2.0412328271876046,0.231575990737501,0.0262901167877079
972,1.8257207696764577,0.1506736785636386,0.1340501982208476
973,0.8608410011485867,-0.011885219500954936,-1.068219922807204
974,-0.5476926533467844,0.07198919033083848,0.44273998042932383
975,-0.9759638715231514,0.38199181887722083,0.2727252307230631
976,0.1763928918620239,0.5628487567496404,0.34954399157485616
977,0.18285877710339596,-0.19570945074012022,0.6098472514896488
978,-0.2803697339301837,0.23383532431047,0.4286158939190395
979,-0.6792205045893718,-0.720851168300687,-0.15212373909816573
980,0.5715392373768233,0.8618250495020365,0.5743366937166956
981,-0.45668377870872645,0.2411753548408008,-0.3167343030733243
982,-0.3380259416924924,-0.3154610397725019,0.1961514666088527
983,0.045461637414759386,0.05896670887898644,0.8459180284725896
984,-0.7437629168287857,-0.29505620985937275,0.19368598404748533
985,-0.28495506200954224,-0.6385356049212777,-0.8587183671382739
986,-0.46145698885269504,-1.3118892081819074,-0.38084987228990486
987,-0.7676906736766477,1.1680905781462598,0.08985408330025545
988,1.6001263158456986,0.6216374583764003,-0.27532140499373997
989,0.10283067674591463,0.12689686425226182,0.06641915261561225
990,0.8107224400213818,0.7723179228553123,-0.23428357785649223
991,2.2941320230164157,0.15603200620928898,-0.1873445015210486
992,1.1499225044771098,-0.4113650019301897,-0.004225236073287323
993,0.2907075437590314,-0.048916625044241144,-0.0042370270684396125
994,-0.028353108862041027,0.3012544369772058,1.7874374827749515
995,1.1549620275188681,-0.4670530547999644,-1.1251532190168252
996,-1.6728141495425075,-0.18137887944146833,0.2531984701395634
997,-0.6311208433773267,0.6185955440071436,-0.5145552332643012
998,0.8643132905898736,-0.40493987909626233,-0.01618250480188371
999,0.5763945771272284,0.44425533081873025,-0.3691581967675213
1000,0.9872375167523711,0.09967514836429146,-2.773244086628319
1001,1.7142810595389741,-0.10915324019015397,-2.275685615589377
1002,-0.4081568753131864,0.045221454709010185,0.28087375867529735
1003,-0.031079931926976587,0.0678075587707968,1.281635815362882
1004,-0.6040809639640098,0.29649955298429637,-0.13091360450011796
1005,1.5688251556443573,0.0942553046449544,1.5546843508704749
1006,-0.8733346334629452,0.1750483076852311,0.6534009558839589
1007,-0.6694968271071776,-0.6000587834260583,-0.15885884722311502
1008,0.016732328204490027,-0.8972919883802488,-0.24258843845203173
1009,0.8850246001687326,0.0662876110701252,-0.11736650989342758
1010,1.164314334498735,0.6136941941666689,0.014104389741191232
1011,0.05674393370067783,0.6439745435494179,1.28444752700347
1012,-0.866697029715038,0.08535665402861414,0.09006192707087214
1013,0.5351288704579735,0.143114340747697,-1.0761373410853223
1014,-0.9602341577630178,-0.5007022001323775,0.20998705839692286
1015,0.9336579164263137,0.6664535892858632,1.3934669708665515
1016,-0.9513974539484559,0.30924201997678996,-0.4681961921621564
1017,0.016866462481202747,-0.14187897248808998,0.30678348005719186
1018,0.7338634145027887,-0.009141901187266238,-0.162872159259963
1019,0.1799236308789087,0.19271684901066247,-0.30414048222694473
1020,0.2733289383590747,-0.06080368425943874,1.2586559118421063
1021,-1.494272619842737,-0.30574271659813973,-2.1057169129097137
1022,-0.3756549150468465,-0.1394353838170452,-0.3364287787672136
1023,0.10732586982305423,-0.4027907767169373,0.34592629274166997
1024,-0.7610255137145352,-0.65332471586711,-0.5085288916899215
1025,0.003489218207943562,0.14760712529797068,0.09702972458445289
1026,0.981390432631753,-0.4944126250246122,0.7120666945455247
1027,0.4647020900151352,0.6400304686244023,-0.7676739516262349
1028,-0.21518144662352465,-0.1580404970839264,-2.326759880661984
1029,-0.2736962720786914,-0.7651655797806709,-0.36175640166733863
1030,-2.194097897351097,-1.401859871298428,0.7123287133945393
1031,-1.166448295356165,-0.098955388168137,0.827014342822018
1032,1.4675439972276143,0.7228113619098601,-0.003722830288602975
1033,0.6207299132195425,0.9294733499442894,-1.7917724563597435
1034,-1.0648113279859048,0.08258667641336154,0.0759952076867685
1035,-0.3472044795293879,-0.2561273917708767,-0.021429257037688144
1036,-0.6691262713265244,-1.6775513884328082,-0.9255288638578915
1037,0.24663035835148744,0.0912148373661046,-0.9391391467656727
1038,1.1112524340579064,-0.9911172670890138,2.049384978386922
1039,2.034575715367859,0.878690197599639,0.04521661589335593
1040,0.41489171789628054,-1.078168465454047,0.5165512404671306
1041,1.01381013363636,0.8022884078181515,-0.4444787126215627
1042,1.5469562303837596,0.2930320102714972,0.014782320848046088
1043,-0.6613588635475247,0.6261106648044832,-0.1971021764509433
1044,0.030766931622364043,-0.18705455211694494,-0.14880177133197392
1045,1.3518105569344014,-0.5843778309552665,-0.14284227361456303
1046,-0.5940626508456561,-0.2273269234475298,0.17865477110281375
1047,0.49159863051060476,0.2070436947066527,2.083812068727619
1048,-0.06570552301995665,1.3174981335003153,0.1502029621129255
1049,1.544173824477108,0.5596873887298953,-1.8091681376251418
1050,0.11837442679546595,0.23509276462190684,-0.19652310071966303
1051,0.7428227478299938,0.5543850135986191,0.24968872838878425
1052,0.5487003035574821,0.25811836474073313,0.8237477995549328
1053,-1.332092433659962,0.2049218086230481,-0.21898821732903695
1054,-0.5779470414614544,-0.11975987366412415,0.8182460307459825
1055,0.7985605708270974,0.34436091091801835,0.5815655738312099
1056,-0.9882440544322838,0.11120026139480586,-0.8331539348587325
1057,-0.7308964745234159,-0.43858769654655,0.2807852081653319
1058,0.7542704130998031,0.7473113747261148,0.18525557038964752
1059,0.5391770068035883,0.12152864641171872,-1.151224282693075
1060,-0.4715253592280772,0.10962797926115754,0.6690017665170127
1061,0.7507855845338821,0.25941832657036135,-0.42023826059428493
1062,-0.1244888198384936,0.480442500957523,-1.5695958062722464
1063,-0.5712852265529579,0.2993285466895523,1.7341800990953469
1064,-0.15228856761633766,0.2635915879318272,1.336162745192738
1065,2.1658872990775246,0.036850405334667546,0.6154008144078261
1066,-0.22955803487766063,-0.31401514987961154,0.12346102821596233
1067,-0.6934219252844938,-0.693847982525497,0.97434710478673
1068,-0.05053496973701471,0.009961717899785736,0.8561909760099788
1069,-0.3054734263717329,0.5408494071136938,0.22305405459352737
1070,-0.2409993372973964,-0.0348942166423987,-0.14812594263815435
1071,-1.2418989684373514,0.2741303233409552,-0.7558887824020664
1072,0.04015280632090367,-0.24212981081452872,1.0299840598480017
1073,-1.3188240742633945,0.23588973352400214,-0.5417184437111375
1074,0.4144418326362665,-0.1458425294274246,-0.5958165233787619
1075,-0.7382448619412546,-0.28983870490519664,-2.6701150394136417
1076,0.45869639300205683,0.09822903292013402,-1.3915823645194396
1077,-0.532610302699781,0.14899096593567854,-0.0038858635006460353
1078,-1.1197323848363305,-1.870281878271464,0.03187495085236015
1079,1.637110688592689,1.013521547166599,-0.21269607178629693
1080,-0.3418451998244275,-1.5632455084854022,-0.5604141374871505
1081,0.05109005148559377,-0.9834756468254511,0.4272977431382221
1082,-0.32583707258557065,1.0918698719230697,-1.3379046183982786
1083,-1.1849763797087276,-0.7117904918388331,1.2346411588214576
1084,-1.3074973575585307,0.8975940179509484,-0.30291510873673627
1085,0.015732696125853245,1.6031909395207171,0.271340332936954
1086,-0.12001740413300294,0.21204266889047335,0.008086529637548521
1087,-1.303396532129888,-0.6097440426191965,-0.5663256485650252
1088,-0.23374824717439857,0.7251426268470705,0.4451632773131593
1089,-0.2717286421073861,-0.7672048081836073,0.16913819978236508
1090,-0.09399429713202977,-0.6330483435361455,-0.9976500933749316
1091,1.0158131272357658,1.2613495679128586,-0.5098320331750291
1092,-0.5955632487515328,-0.7355480159455494,1.9768932980731226
1093,-0.7202682485605038,-0.8600919443860535,0.3567321916143803
1094,0.28490117465283793,-0.9489552380011902,-0.6497071568065104
1095,0.9079384673106083,1.3736225712064414,-0.3906933239506026
1096,-0.17398891050415402,0.7750655188626685,0.7617803216760747
1097,0.9178943058542615,0.46158382349603455,0.5207190142013427
1098,-0.09766556097480049,1.0638643259551563,-0.21044051769779004
1099,-1.4007228530913944,-0.11477013025818035,0.08399678925830431
1100,-0.569900597300066,0.0778712974528084,-0.34029656638913375
1101,0.3090004208109249,-0.2732213261576579,0.44911961943221074
1102,-0.44495809352762267,-0.24409641045269792,0.8089072359018852
1103,0.03661725597353506,0.4735191043189667,-1.7140615509432484
1104,-0.3019251333552413,-0.08434752572005921,0.8154806092844075
1105,-1.1791476769794007,-1.5983841901877451,0.5753184066303242
1106,-0.2419757002461998,-0.1110610873163055,-2.157241784672062
1107,-0.8667650134836982,-0.358232190558317,0.4477140654749405
1108,0.10356411395442303,-0.14923159304301958,0.04330908369663568
1109,0.44006900942387045,0.6943495323292359,1.1213300288680101
1110,0.5798120801070339,0.190734700358983,0.4748839718947489
1111,-0.7245686309083326,-1.1800240341372161,-0.38440173141578393
1112,0.2253352626204119,0.031438436129337236,-0.3268246325378808
1113,-0.40746212043782065,-1.5165724649334213,-0.2805401480871088
1114,-0.36500180740806354,-0.8118294114763762,1.8894362738114312
1115,-0.602432949493031,-0.9206246681033584,-0.07434274318113016
1116,-2.443292979551764,-1.5594602278091612,-0.6654980761797706
1117,0.08317948299075253,0.18706914148236062,0.545681690353882
1118,0.14366713498658346,-1.0123169342638494,0.5827152582185566
1119,-0.09588368730841174,-0.15367991807493217,-1.369559279662238
1120,0.13468892768858137,-0.4652894002449494,-2.2144872711366412
1121,0.3437086233755884,1.8875995554056109,-0.5396642968709648
1122,0.3673885726672428,1.4605397267418925,0.543401578272468
1123,0.11279493342034677,0.5123206118203384,0.2625019110223216
1124,-1.074666063511191,0.7151279333477145,0.47972791024770467
1125,0.0843189546003895,-2.0065971557049913,-0.40536751570798885
1126,2.3952970212446094,0.37685039427439754,0.17869943658671542
1127,1.1696032573578239,-0.33028469759406925,0.7826023783339507
1128,0.10373190701008377,0.6342645478803951,0.31662404364102886
1129,0.0742322661712676,1.1172885769567216,0.4664405884299973
1130,-0.4219818431330087,-1.49442274060342,0.006736924687768095
1131,-0.6266967570625037,-1.5639086285603967,0.23262520470609763
1132,0.0573029813723266,-0.34142101844730494,1.5284109876631473
1133,0.9672985255808698,1.2156132155009036,-0.7950019184894637
1134,-0.339634369650101,0.0363252479418882,0.8353089382648595
1135,-1.8166436281333913,-1.7435487162654855,1.6834389346415528
1136,-0.31175893235711466,-0.6085436959946878,-0.16304559209156277
1137,-1.0144190970957478,-0.8484108779276951,0.38587597907393173
1138,-0.610493726905038,-1.51853997972624,0.1278343857544705
1139,0.5667544323242613,1.1518984414032543,0.8437892299685172
1140,0.4643472515455774,1.7334365322587593,-2.202936983814804
1141,2.08809682623312,-0.2293947301330448,0.6975076600786251
1142,0.5477236240155094,-1.279751625133427,2.350365142358842
1143,-0.24952076765583392,1.4414655694655742,-1.2252353907843845
1144,-0.7842986519532652,-0.4548956220355198,0.7117791813196823
1145,-1.8211024210998048,-0.6703501175445117,1.6374036153933866
1146,-0.6474636811737569,-2.4275039365823003,1.5366840015338725
1147,0.3511177917945772,-0.6139822392553876,2.4621249437445187
1148,1.7325348551457433,1.9928543387143614,-2.9535044469838896
1149,-1.4094106401470767,-0.3776122264372817,0.6123834911230148
1150,-0.3961025798191718,-1.076197534082818,-0.8634451214902676
1151,0.4530167671510994,-0.629050449379446,-1.3471678015074096
1152,-0.21763626093023397,1.6580719100629022,-1.7438617593925152
1153,0.9504881142677034,1.7343025405803025,-1.1781018616553265
1154,-0.13828871684874772,0.9462904788127385,2.115756233472657
1155,0.4160137082432247,0.8921792291937204,-0.8249586457027068
1156,-0.4186424103536147,-0.06876532067551805,0.009911199827096977
1157,0.6393494938166073,0.8638918666867548,-0.4868609142900358
1158,0.24009021826617333,-1.020468049212769,0.8363456326055755
1159,0.5051085150642757,1.1036423696018405,1.3287410383266909
1160,0.15773327696149933,0.36963724882348736,-0.46849033053705363
1161,1.300210386176438,0.5346867996607717,-0.8641334088207836
1162,0.12165520980832534,0.9390882419109977,-1.5132779189400263
1163,-0.22259111346561858,-0.5383776406064334,1.1210305364858273
1164,-0.7584510784879583,-1.2942795508402358,0.7817273093792204
1165,0.32033092611670055,0.23791523871058123,-1.7055034417104293
1166,0.1260710909647452,0.6096824310788865,0.5295119198893856
1167,-0.5437304475753171,-1.0430369880233352,-0.3985292323279406
1168,-1.1984688700571695,-0.8140375981999862,-0.2832816984535224
1169,0.11533484480019777,0.3050115962740584,0.7719917325651282
1170,-0.6581770546927055,-0.246086467275242,0.38850484982066086
1171,-1.5213182834720727,-1.3937324364634327,0.10266508044163236
1172,0.2987018332651047,-0.30749596649196625,1.4759721445740264
1173,0.5266987050236009,0.8536593141586164,0.4231960005693488
1174,-0.7023465028485938,-1.0100714316943449,-0.5673092781508314
1175,0.44940516618953824,-0.05040324593052101,0.5792056515001345
1176,0.32586397521027716,1.238485576403885,-1.5202137155571416
1177,-0.10328868801062475,-0.08345653448260244,-0.22484078771475863
1178,-0.4896738558287456,-1.2213090804559277,-0.4437890764024799
1179,-0.4660917585075882,-2.281279335072469,-0.8029140534359328
1180,0.3581701126157672,0.4198337647245073,-2.171409088505418
1181,-1.3446570919708565,-2.314664575502334,0.41472075795344615
1182,0.6030750180816092,0.1333840649975892,-0.9052765757193836
1183,0.26102061577752467,1.9187285176650215,0.10695057913718618
1184,-0.687801621822677,-2.9864033163448656,1.103877408442743
1185,-0.08108025847048328,0.41803116220512176,-2.755922515862014
1186,-0.4839132466616175,0.3514308966418047,0.35994165414846935
1187,1.0701658495263071,2.316505622142469,-0.14230026632126785
1188,-1.8355170053688676,-2.9338025312877836,0.3531491753115046
1189,-0.3584956858756888,-0.48859486928681456,0.36302996144906885
1190,-3.8494725887294847,-2.6351115765140807,-1.4186002094887864
1191,0.48500480125135664,0.16206427446935473,-1.0538560204548053
1192,-1.564966080517256,-1.3600939756619241,0.6931034215471592
1193,0.04919037274478522,-0.13762752032360995,-1.7262586645047453
1194,0.1420654043587332,1.8503186987961744,-1.0020842597725708
1195,0.3955441145394886,-0.3499058934560204,0.3016728022151649
1196,0.3750781830906563,1.5611184692297686,0.2478543835152305
1197,-1.3026949547056486,-3.3278703426186613,0.1652270702980927
1198,1.1515619191416164,-0.5014143588582394,1.4356905700336244
1199,-0.8575071283202517,-0.0223630760633265,-0.00507709065294392
1200,-0.11197734328666135,1.4345916414261657,0.2770131472952298
1201,0.3811084348425958,-0.6853892005547716,0.9617712393259066
1202,-0.10440171835496923,0.7173634394050772,-1.1216609500153774
1203,-0.25567213816462037,1.538691356531633,0.0408415416115854
1204,-0.5207279945533813,1.9183670324277573,0.15562331829666756
1205,2.2684655568346406,-0.5368236222190722,-0.5516846346697587
1206,-1.4577472874982882,-0.6340214835733795,-0.02238411904792456
1207,0.4521357002464703,1.4248644219490771,1.261168505669074
1208,-0.5925143084806234,-1.3506817757998493,-1.2540830174802338
1209,1.1638895438155925,0.21619284193638588,-0.4148108848944555
1210,-0.18645715510325173,0.7231106113775366,0.4448493958949841
1211,-0.7091260090232507,-0.9009641796542972,0.21324351508103193
1212,-0.10978297516572004,-1.9581077398510507,-0.2523305293520826
1213,-0.7985298137707972,-2.393939818366597,1.2583073507203073
1214,-5.686620264342229,-3.192560233726696,-2.552696212775737
1215,-0.3110974130240051,-0.336055147055745,-1.109901239952127
1216,0.32397189522357916,1.1232171509428834,0.31825204821489966
1217,-2.278684066045667,-2.6743085958821022,1.7206574713676321
1218,0.06139486173376962,0.14157979597118592,-0.5768996107510765
1219,0.2199097074296564,1.89770517261058,-0.14397365153956598
1220,-0.8165408954803912,-0.13807604502103932,-0.06287234878433684
1221,1.1406311101324096,0.7238088363817028,-0.5394838588373205
1222,0.11614523394222792,2.370850707964029,-0.01056026324586525
1223,-0.5547652359118463,-0.2718845759589716,-0.3604682400051231
1224,-0.5225252619759188,-1.6595264714633278,-0.250175392506525
1225,-0.22739203417557202,-0.09091210231242916,-0.2564564384341229
1226,-0.38696790726607305,-0.736826350175381,-0.6395680884755297
1227,-0.6151070206011257,0.8046044785250364,-0.3823057532273189
1228,0.990277273841834,0.0924067501626894,-2.2879434993083425
1229,0.3510675034262018,0.2508860270172041,-1.7084384006200528
1230,1.0996879121649814,1.1525069803807102,0.15656125738779486
1231,0.05953642066644384,-0.10038748294257782,0.1194999012643185
1232,-1.8914278752017208,-0.9602201269695531,-0.6901544091493708
1233,-0.7583986091328577,-0.7758887778814473,-0.46524596107843175
1234,0.9520544379266785,-0.3908577902817801,0.6195251832399974
1235,0.35034691540733637,-0.2739326471416754,-1.8795889798522107
1236,0.24749318761601996,1.4852556078999393,-0.17724386820031182
1237,1.6385065756849728,-0.704943592493318,0.3724692667824255
1238,0.8305252940632807,2.143025812290373,1.0701670195961737
1239,-0.18386264076479947,0.435548831999045,-0.6831042539288403
1240,-0.09877933642599983,0.7498498873497478,0.8009358150430171
1241,-0.4658909595363408,-0.7830317080316063,0.818790306756787
1242,-1.3847607187352404,0.07095269131051099,-0.5416633991801675
1243,-0.16100896714964316,-0.9614922432620032,-0.125623501771169
1244,1.6476099665796324,2.0285176334179345,0.07079984236495342
1245,0.8228916314480497,0.9293646933715555,1.8875025914178334
1246,-0.07142661005642961,1.0929192955771345,0.7167541554378385
1247,-0.4926002017666028,-0.2598684682034625,0.3126849181279903
1248,-0.3542436750103476,-0.5680217555332199,0.07950006389546989
1249,-0.1614267984489144,1.2055272364096086,-0.8347632840551494
1250,-0.2434966785471152,-0.09615584260157588,1.7749057866604783
1251,0.5947957581264485,-0.16400962044070416,-0.9698909532220886
1252,0.4500881485497136,-0.1329553738712621,0.7901933414927387
1253,-0.6387776010000384,-0.37415289722441236,0.3787266115107429
1254,0.6954401743884544,1.6488478391994577,0.04262702189656294
1255,-0.02615851473042014,-0.09041074958533221,-0.42237375988853415
1256,0.3693806057881461,1.337858782470963,0.44874182073226654
1257,-0.2758878790210761,0.28243047243122327,-1.0661935290780329
1258,-0.26736057282158276,0.1156561656452148,-0.5388002863085505
1259,-0.5445452070061594,-0.6143074143729025,-0.8167636024309989
1260,-0.15158173052623353,0.14705508273703993,-0.37016080792020284
1261,-2.364681753264485,-1.0712168823027381,-0.5403521301884121
1262,0.5066821777332651,-1.7620703126974044,-0.9200290016688882
1263,0.09700421866416303,-0.2130012900007047,0.7378260036188652
1264,-0.17145129783755494,0.1985730928169374,-0.02152770875242303
1265,0.1751844233733185,1.0837701047594535,0.5577045760631929
1266,-1.443220105991044,-2.7714744637135955,-1.3474169897808346
1267,0.005914969423415542,-0.5683402247104091,-0.04577451410508488
1268,-0.5845178958870387,-0.9198796835957083,-0.8591479941970969
1269,0.24372365172145882,-0.6609283442400935,-0.6615301215171139
1270,0.04939913016872342,0.20495049662324444,-1.0883826873277058
1271,-0.20768381174768957,-0.8963254086541246,0.7864887379519706
1272,-1.3174503345917288,-0.36182876597295655,-0.641596014810613
1273,0.48646498831064733,1.4178047209909364,0.8835117039317106
1274,0.009726026358945495,0.4923027530007076,-0.5095747074764837
1275,2.1807161933273544,1.176654602334181,0.47955128956085397
1276,0.9585202210089024,0.807012143233919,0.6977198331363895
1277,-2.172562272051108,-3.564748366994053,-1.4699608942078595
1278,-0.09551335786107808,0.2360674340578399,-0.5560743644606958
1279,-0.6291895299909037,-0.9432735483259649,-2.041629968367093
1280,0.044223125190417004,-0.6098288438829004,0.3535960551510607
1281,-0.29055468445241667,0.5118523122924675,-0.37578253816277596
1282,-0.7822334030707575,-0.9395864095837254,-0.49159688162918813
1283,-0.43827117972580193,-1.41317085320078,0.2533251859581754
1284,0.9675418053053907,-0.7101000969983959,0.30325847940162237
1285,-0.16679889733850478,-1.4226092751136532,-1.668913001065343
1286,-0.12074340419540872,-0.8643573354598887,-1.4786360074727833
1287,-0.16375506277126287,-0.20359444000269353,0.14288101150941196
1288,0.32528845486364993,1.5221540530747988,2.1398013902673743
1289,0.12964336340559357,-1.739737599052292,-0.12907801978277633
1290,-0.19436627670560225,-1.2467511498318915,0.17729022436245806
1291,0.18055741408912107,2.0073113159354294,1.8558820104704112
1292,0.7491689615888666,2.372432498554912,1.7304070494160952
1293,-0.22633072481817854,-0.19539670443624352,-0.638840450180712
1294,-0.2600737501924219,-0.8566536812749644,-0.033488626247739316
1295,-0.48974829966208494,-2.3029369356800466,-0.7606095729024412
1296,-0.4956443703810572,-0.6348017629145135,-2.1876395845582475
1297,-0.1388486737829389,-0.5565051834407032,0.645303589608645
1298,0.08670671668401099,-0.2973429159253431,-0.5784229644176186
1299,0.22182793735714057,2.0136764380241448,-0.33237579503579334
1300,-0.2599525710412591,-1.94697723459695,-0.03968272302595752
1301,0.37894076667972887,2.053718446688294,-0.6082722327268473
1302,-0.27969964990945295,0.8736429422775116,-0.585564001791217
1303,-0.2578015678461601,-0.5688019314293792,-1.4200046148870802
1304,-0.13393334166154366,-0.6717082923514944,0.12976818235385912
1305,0.10125147861608881,1.839014762111179,1.2226846661131294
1306,0.16224870642694306,0.9095236528461481,-0.1813577388273789
1307,0.800751876591517,1.2549192771292723,0.2113396121696561
1308,0.6901760349773858,-0.6263716058985116,0.6779326834588609
1309,-0.5539054906833684,-0.5214104071067875,-0.06522882605489595
1310,0.29746051905154647,1.9093329315262473,-1.3571863644953712
1311,-0.14171149615491968,-0.6317386339559639,-0.03968272302595752
1312,-0.046485459517510486,-0.36232392621090975,-0.8120149363682783
1313,-0.38742296606512955,-2.0566329328869766,0.9071083592078752
1314,0.019723603566082427,-0.8841729558899257,-0.9018285861318851
1315,0.9607380081977397,1.0465117230431111,3.0395309109574535
1316,-0.6082424139560176,0.7302784239272501,-0.3690001941542503
1317,-2.3515435228672743,0.4118869188808825,2.1885653916094587
1318,-3.4382225429678197,-1.7112988501704671,-0.05210665384927759
1319,2.2065822708723744,4.275791885935919,2.289162317750981
1320,-0.7364903681568246,0.7007421611742957,1.1990952691091228
1321,-0.5785591659666965,-0.7510512730062088,-0.03968272302595752
1322,0.3141981593928978,0.6589690407892335,-0.009647750194020203
1323,-0.3170132558439523,-0.6959601280160753,0.02636444191827594
1324,-0.011412875576243722,-0.2811991691338198,-0.8107758699086841
1325,-0.02172342937537107,0.3451865826888091,0.32246184178898757
1326,-1.267128661502802,-0.34487663969913135,-0.9109056723775127
1327,0.5178731152557927,1.0434588872636121,-0.027533510682724343
1328,0.5287098702354656,0.43704838845538313,0.2999342236544985
1329,-0.1530819059305979,-0.05664960485745215,0.4677223838272448
1330,-0.44395033916202287,-1.2773734812349444,-0.8563378026560347
1331,0.27105139387372573,-0.16129879164195485,0.46919312884618264
1332,0.9108160201149842,2.400654921711893,-0.26958758831411095
1333,-0.29452402798132704,-0.10337454702759422,3.258104081151371
1334,0.12157581408185242,-0.12952506172651163,-0.3690309438439656
1335,-0.18207024533492008,-1.4764033864543809,-1.719813605033225
1336,0.11270082761798143,-1.1926325934855908,0.026119802180727725
1337,-0.3477564722607315,-0.18294468153810378,0.8891698670261354
1338,0.461617409610504,0.5645692841618905,0.167606632661966
1339,-0.16349880584052123,-0.6233024863613255,0.5032774523215237
1340,0.05854872031234733,1.0985534981406524,-1.1283830032560414
1341,0.6868276123392613,0.5461635913783889,1.9167130658723077
1342,0.007152415123053537,-0.519008481348019,-0.43747670744858697
1343,-0.5982945481297366,-2.0500533724627203,-1.8662436723909925
1344,-0.9621568260836674,-0.9287324839359936,0.6970703875845844
1345,-0.31120273388846365,-0.7568337802590982,-0.18781237022663047
1346,0.5796977858836806,0.04878528885042308,1.5902095781385295
1347,-0.15089081250881412,1.1449042585993905,-0.12730866804085159
1348,-0.018502832351381147,-1.19688813206147,-1.7243474719137317
1349,-0.07885622512985363,0.433348734202348,0.48742540377491583
1350,-0.13982725392786613,-0.35818448181869605,1.0711105906594234
1351,-0.2526259488874353,-1.0000853968865968,-0.4673483246022582
1352,0.0836033538024767,1.3487696402177163,0.5574023500761849
1353,-0.08777376063012003,-0.23725383593978377,-0.02800854149321785
1354,0.06679027094423173,-0.3542485763454273,1.115551837948391
1355,0.20500136074088746,0.5659320759657241,0.7025541567362668
1356,-0.0697826267064152,-0.9697621375318748,-1.0999555503849716
1357,0.11462889005773096,1.7700028541792696,1.6323465097946874
1358,0.2795015270349349,-0.09537976527394716,0.4210987958526925
1359,0.28154602081964936,0.5214621081762523,-0.11350125336698576
1360,0.5716224398549029,0.9858612382588177,0.0965577356919831
1361,1.080942428515408,0.23836769724010326,1.08331952526111
1362,1.1434710818236047,0.2846038936161124,1.2381425628660945
1363,1.3046128126831555,-0.19640063203756347,-0.6962121760173446
1364,-0.5316021037071748,-1.2869808992103267,-0.2016541087978914
1365,0.3834274684821822,-0.6465442964220156,0.9007759258132715
1366,1.56168635526906,1.463083736305055,0.1982872062077955
1367,0.2132121862518865,0.9094738005380549,0.9069195160128906
1368,-0.32253660565421033,-0.09089273976529623,0.3322488826729111
1369,0.4271014709409813,-0.048554143051051456,0.35271777306901964
1370,-0.11623545989430208,0.8404871640266873,-0.7328098435272223
1371,0.008561068981813667,0.16500809502339503,-0.09992999530062294
1372,-0.26354182816233745,-1.0767799010600514,-0.3908893484310314
1373,0.25065894474620526,1.1271509725902518,0.2950869163980876
1374,0.5128423079842738,0.7965799457150643,-0.17675626674583075
1375,-0.26975631163644725,1.131630773555734,-0.7001006620777369
1376,-0.05634370018507223,-0.8654942191040449,-3.074629770703998
1377,-0.6906539321509827,-0.5260601724142092,0.1249104950021242
1378,0.4461501067388567,0.9876819844078253,0.2604704419740394
1379,-0.3442136172470931,-0.9241259377937949,0.2934588935846421
1380,-1.1353530575571071,-0.7425094343133704,-0.7297050814826695
1381,-0.2049009892425138,0.14113313498720115,-0.26689541631475805
1382,0.1234306412410479,0.8753046285272765,-0.6670265661037227
1383,0.37666346382281757,-0.05643946983739958,0.06894080393636735
1384,1.937061758337687,0.1871835864463137,-1.1944526337249803
1385,-0.6626618695557811,-1.1431713272845858,0.33512074851965523
1386,0.8239554096199297,-0.2554083143289382,-0.13181983465421807
1387,-0.15112639696274846,-1.6512276213563084,-0.48420990924041174
1388,-0.2588951470554627,-0.1598339112603405,-0.09754977894124472
1389,-0.2555450870868977,0.39055809505017325,-0.8939736854529398
1390,-0.733713606008382,-0.8802621178041061,-0.6071715408759546
1391,0.2701985263379416,0.21106466681728653,0.41688617500929637
1392,-0.3887918758269672,-0.27692671360014104,0.6473281486386844
1393,0.4335524436180716,-0.4123939261480491,0.46402137018101997
1394,-0.19476233257977413,0.5693589431028879,-0.3230852939767552
1395,-1.102166181722642,1.245571445391591,0.7737956713058476
1396,0.030575925568569154,0.02083701906139085,-0.16620038105814777
1397,-0.24188434075267046,-1.2678590470993512,-1.9205463084548584
1398,-0.5369735290747815,0.07890024204471793,-0.12170743994634901
1399,-1.4506636285464587,-1.5223840761423237,0.89400212031719
1400,-0.2257034851096474,-1.1990311257898263,1.8377607714842403
1401,3.945816124509092,-0.15472996568991712,2.7381481546616224
1402,0.45726648292351585,1.2714243330613388,-0.3515971644039133
1403,-0.36630925575254586,-0.5936378999357825,1.092210029340676
1404,0.5664939072260275,1.3566733066076424,-0.49875836160659387
1405,1.9515800507276135,-0.91917709664396,3.621580246217754
1406,0.23810302709652736,0.6752244546080549,0.46790769286282136
1407,0.2857011981933374,0.9963318731378188,-3.209952592820093
1408,-0.7230110748723114,-1.3600952913374331,0.4260565597108763
1409,0.7755364905074755,0.2040183961577222,2.462101664833985
1410,-0.6969716443620412,0.41521641758324696,-0.6878504031255365
1411,-0.319464411446054,0.09741728486321458,-1.6639184536099814
1412,0.06834388276316612,-0.15985688734684264,1.0296843055063918
1413,0.8184001742737357,1.0952434651153062,-0.39675409282723045
1414,-0.2806283717338185,0.4212104434444636,0.6840335415235916
1415,0.31072897323222204,1.1109368311587389,-0.64965556856864
1416,-0.5727275474140767,0.26088939436082004,0.7638868720486693
1417,0.2614969172938833,-0.4984567217912571,1.9984910959285815
1418,-0.02751093708845256,-0.2333800543108749,-0.10822837040877059
1419,-0.13983412928068373,0.25136353201228184,0.25001731895495694
1420,1.190349673404819,0.045510623751090565,-1.2351491693707113
1421,0.39186754247754346,-0.03733967875916853,0.7658222232570868
1422,-0.10510125106454045,-0.36502335499720157,0.27134772829923737
1423,0.15350214684719385,1.0184482102126937,1.5486854150715528
1424,0.027296416251155437,-0.19951300330400887,-2.1081561798652024
1425,-0.7983064696200445,0.2296300907895101,-0.5060262164808136
1426,0.6642347736006649,0.034251111673464736,0.6326850427587767
1427,-1.2040456658328107,-0.04076757195317656,-0.6961187774921891
1428,-0.4792749475730478,-0.5109578810608973,0.5850831971938022
1429,-0.8022353095564542,0.03807957638828548,-1.5603119994671637
1430,0.1639674048587503,0.03396048852537062,0.45717172832357417
1431,0.5804558256966689,-1.3071284342579814,0.21053752402662693
1432,0.05392743036745837,-0.34146837372551797,-0.49263902130445253
1433,0.7625893377282748,1.5138502810898424,0.12040408710758363
1434,-0.13498624771305787,0.6225392962190524,-0.03435063456393439
1435,-0.990749431642752,-0.06488515582102944,-0.4082240112760349
1436,0.4206440345779904,-0.96497222394071,1.6114441316449215
1437,0.212920547026426,-0.5950393638261904,0.6796256082523751
1438,-0.1556845121400018,-0.6127735683009293,0.9343772911192334
1439,0.4816176419427598,1.4282946161195151,-1.6540576251626502
1440,-1.448576429836954,0.0020724255779555035,0.4016019687486722
1441,-0.06340652098632314,-0.4006892233160388,0.4676334670716138
1442,-0.06465287298207811,0.3233506087599381,-0.34273609549828643
1443,-0.5347833545721106,-0.16968091284425574,-0.911834916602823
1444,-0.1951285142127928,-0.1606140460041745,-0.07661749559788401
1445,0.2802740167241133,0.2019186054947574,0.11324951431373201
1446,-0.1616658716412069,-0.5451291438751724,-1.6164010145384764
1447,0.2571108057157362,0.910222506190838,-0.4737756965838076
1448,-0.49432902900180803,0.7169110983284864,-1.3961727369149737
1449,0.012147175237871448,-0.14961850485828881,1.139446515063416
1450,-0.06699354705617279,-0.021652779483572332,-0.2766237639398288
1451,0.2690410646040732,-0.9355407193978845,-0.18533955608751893
1452,-0.7661932653173125,-0.6208096337068989,-0.575467168296873
1453,0.08241434296601441,0.6624902207319062,-1.1797055085752153
1454,0.1655683025433463,1.0016067396138593,-0.0067842306728150845
1455,0.7585969899137133,-0.03270999043549646,0.7087498765145599
1456,-0.4214193756496534,-0.5235011738093248,0.28102308245134394
1457,-0.3602270000326721,0.7493025761540526,0.7228638269118721
1458,0.31391900122370753,1.118644179944322,-1.4282289862638045
1459,-1.2702259931142417,-0.19424670332181027,0.2656111847967689
1460,1.1910570395467988,0.15377640732590891,0.3678280869967554
1461,-0.7674021658081025,-0.3391286567090402,-0.4254202484508373
1462,0.0996356693226561,0.4588006560999391,1.0541244421738922
1463,-0.05831497602498816,0.057620242666535836,-0.1151302008355602
1464,-0.5199923015504199,0.7071057635524893,-0.44477751643364016
1465,-0.02146639465400909,0.5178332997145353,-0.6420626423370502
1466,-0.7188458982275845,0.03139414758981317,0.519396077778505
1467,0.35627288057587153,0.9329003057833101,0.05772006874550496
1468,0.6006591083960343,-0.32787190807007693,-0.012642180407010097
1469,1.5734512590409637,-0.4131839473229574,-1.3180624790672413
1470,1.2450844933389746,-0.45414198911856474,-0.19302761935911494
1471,-0.11954366264391188,0.26184062668107616,-1.207936998779516
1472,0.5326194877873061,-0.648191176582552,0.2867325917915856
1473,-0.34106837150129493,-0.39325985028164034,0.19207316906449814
1474,0.26538519655606996,0.8758768700836432,-0.5923131312645886
1475,-0.47043823472369783,-0.062325613853238475,-0.12837008279902096
1476,0.22545682204065393,0.32252189874330167,-0.27839628954367174
1477,-0.012218667923487945,0.9400712941019639,0.5975441457438163
1478,0.4490103190121172,0.05942494998741048,-0.034158293038055045
1479,-0.4928699619747718,-0.1914242163342258,-0.17234813169206667
1480,-0.47508238945222586,-0.6694216161210268,-0.688801730132184
1481,0.2805084900156673,-0.2632344060213568,0.907701593032759
1482,0.01699361895039039,0.1578510474302596,-0.12245051368243455
1483,0.1134239447290901,0.5027366920835737,0.2965062776271076
1484,-0.20037181777476695,0.5558038981080002,1.3054369094962375
1485,0.7350380481799611,0.6397260347736923,0.07436204148671265
1486,-0.8471555848955754,-0.11590979803830409,-0.007120903808927035
1487,-0.17194704913589196,0.27334673130986153,-0.4746603288189097
1488,-0.24710776395493242,0.5324913117384729,1.2814878996299655
1489,0.006942734753397069,0.15409630513490202,-0.061209758215353044
1490,-0.12494625991918848,-0.5756216332089042,-0.5522317766272972
1491,0.05068749821568688,-0.008151202705933693,-0.27249134475658376
1492,-0.5795021882827038,0.2875712147774989,-0.2784330281295562
1493,0.0027478813135668675,0.19048925482378962,0.041769519439362336
1494,0.06046864084450717,-0.04645401142886156,0.30714921246006655
1495,-0.14348081422167477,-0.5489063889467695,-1.3680737811502524
1496,0.04627112602861802,0.7511526832571536,0.7625992352342866
1497,-0.10212223209343033,0.08320118699490586,0.508065947409911
1498,0.2971911887307685,-0.24721269784068609,-1.6639804708740065
1499,-0.4264663171384325,-1.1472861353183907,-0.22108638066587952
1500,-0.015098170929852243,-0.23783297004792422,-0.3371926167131017
1501,-0.1141193739987042,-0.45854212227182023,0.37879723865253057
1502,0.045094600935727445,0.6835920390060183,1.6179984647561383
1503,0.4008072684065376,-0.37171335843218883,-0.5875707738740861
1504,-0.18632020823480722,-0.5982914432896678,-0.5466763210891735
1505,-0.13347789022388998,-0.014011307742808371,-0.13262023087171268
1506,-0.059037513778097926,-0.1195310548494514,-0.16555082291409848
1507,-0.02721056632623762,0.42400677054511543,-0.1821476069198612
1508,-0.2138276415717807,-0.9621150751628883,-0.5232893509692818
1509,-0.39100768417942217,-0.6398669744941601,-0.42041494571057486
1510,-1.652783270408005,-0.6525465972124413,-0.7662855618100032
1511,-0.5478913909588582,-0.045916151813801875,0.03264467943674044
1512,0.02758793166637241,0.5136046879508406,0.32121994938209536
1513,-0.1131446753971544,-0.25621423963269935,0.12647649125735524
1514,0.2997885748161712,0.8434126524482691,1.17643930833228
1515,-0.2601951144446122,-1.1163841112689659,-0.09441219351258696
1516,-0.13176514819854385,0.5008128859544719,-0.4345666444399493
1517,0.01404587273217022,0.4648323067526328,0.33877687604967693
1518,1.2884910877659985,1.1165877350202065,0.9575982005189833
1519,-0.37871970267065025,0.2715801088786963,0.38797067995745055
1520,-1.1629523020817287,-0.16170454656040895,-0.4239512912702964
1521,-0.14628371228015255,0.10955241040717514,0.025361437270381273
1522,-0.052897088848883105,-0.3697796566173874,-0.8283033872017577
1523,-0.05803273615120435,-0.5928910641081611,-0.4992222157396109
1524,0.3763259859655851,-0.29097099300043,-0.13292630035274944
1525,-0.31713342355268964,0.07984378069233929,-0.02870865585081722
1526,-0.6745749816191466,0.5012482912702914,0.20693555953913573
1527,0.5427088127823759,-0.4903350804517901,-0.7041118810836182
1528,0.29814952139557466,0.06508609843063766,-0.18299482310401324
1529,0.22404274952112258,0.6365389611370466,-0.023136874384128044
1530,0.021835512552361654,-1.011322828026417,0.6967579134048436
1531,0.08465534478284208,0.023560751617475707,0.35392528579807786
1532,0.33675711533994274,-0.206048127012213,-0.023313889683458933
1533,-0.0991936359765871,-0.7880576363118057,0.6889065923466217
1534,-0.4970565475364086,-1.3550363505426226,-1.5403375271246262
1535,-0.025359043986817067,-0.21762380265786696,0.2895395536618147
1536,-0.2688094573305497,0.28668896040182384,-0.5338982441193996
1537,-0.10319425351891535,-1.2198160791656927,-0.9683945008217627
1538,0.0780039180952407,-0.015720347135918432,-1.6564682302795617
1539,0.5154232146995107,0.43533978313781013,-0.7353056756908245
1540,-0.1247056453469605,-0.2507765541766126,-0.75129854192238
1541,0.46444573610776674,-0.02769651741952118,-1.1247496223571725
1542,-0.11582172220144075,-1.139553212576621,-0.36910492355501895
1543,0.2586876284075283,0.6111734284020348,-0.42820447425250163
1544,-0.34041140372621664,-0.13827265635355487,-0.21410775683988123
1545,0.38598811914870407,0.9042276406597312,0.7372154307786362
1546,-0.32240856130309137,0.46794685238377143,1.057989888634817
1547,-0.1892182133935804,0.38090819992927794,0.5873927074033799
1548,-0.45445039065106746,0.3081632456009812,0.6402182546716962
1549,-0.13069714714314118,-0.5345781224888253,-0.28281562520932996
1550,0.051292730097947874,-0.43596160561093567,3.2214319715946114
1551,1.2799313599958309,0.8078102314495504,-0.4357077533930324
1552,-0.11527427070446823,-0.041884688341657664,0.037437466451533064
1553,-0.10291193621687013,-1.1116754041249712,1.7405176350235712
1554,0.2663006558911562,-0.7145525865707141,0.6189557155072213
1555,0.6894856051330358,-1.0457521792678672,0.7058064863982471
1556,2.3495468654960723,-0.16879638226701432,-0.3930060111800642
1557,0.49959449548831414,0.5442704322763762,-0.1308802395696404
1558,0.35103568675662045,-1.187804948746121,0.4315573344069459
1559,-0.25677327328891403,-0.9848767716619315,0.09381316695058575
1560,-0.19458259407008935,-0.41841498268226135,0.019002543761280636
1561,0.3453835707891521,0.9196314309141207,0.3383286679248185
1562,0.06985630177057346,0.48152812029960357,-0.6419391778442388
1563,0.44708780362083206,0.8008247585047965,-0.40374936746428153
1564,-0.34680438635256944,1.4583919227373998,0.2816170360889447
1565,-0.165099057481,0.7128499526823386,0.2646575803822093
1566,0.15689255417827203,0.10587342140973119,-0.6063452805531168
1567,0.21801339866045144,0.19251617947767963,-0.8521476379590851
1568,0.09561857266810803,0.04619793696533515,-0.8910496461641016
1569,0.5951547714286248,-0.6824127668485073,0.6116551691283904
1570,0.33340098108118266,1.2037940159601106,-1.7910079917825836
1571,-0.5183787576731251,-0.100832583606589,0.6457225192243855
1572,-0.6236918960003709,1.4753613391321558,0.8475157833448348
1573,1.3675036199414918,0.09343427632923657,-0.15899709980268378
1574,-1.059704532937003,0.061000713076918865,1.201142925216059
1575,0.23168653507177983,0.06831061188754906,-0.1792280085069149
1576,0.4869810101358015,0.5541422461379384,-0.27625326314270454
1577,-1.0325241171834545,-0.1956354178674074,1.1006836305274814
1578,0.9358980067766607,0.2897173723212024,-0.5093419079281879
1579,0.13312998294498268,0.013628877977670966,0.5045045376934496
1580,-0.30840969365497667,-0.19029078203820146,0.4593750572568137
1581,0.3023999418949786,0.044219070199382274,1.4122767314600155
1582,-0.019316627283953114,-0.10966020342872727,1.366984327819547
1583,-0.11997132709745109,0.267672068850877,-0.5514078929316993
1584,0.5261343411699165,0.4337966205521698,1.6310988947841816
1585,1.7585906741760686,-0.4672507379734716,-2.4905169589595064
1586,1.0374860354447013,-0.07949159928183157,-0.34807454036956803
1587,-0.20243366131714352,-0.34668213043826185,0.5658019503772123
1588,-0.26431664808703914,0.5999550575687452,-0.11778480578514285
1589,0.4038676715945247,0.2924516417586096,-1.7143491720903061
1590,-1.5394857004933657,0.278846116619011,-1.1459723698107867
1591,0.07444240254789922,0.33252668275399383,-0.06641805998871479
1592,0.7153444168755895,1.0490297657504222,0.17934933948692144
1593,0.032913454924851024,0.17713665336857426,2.4708172951205087
1594,-0.6012231612496802,-0.040127491481160044,-0.5203178815024605
1595,0.3253274854288946,0.326879802482886,0.21135382351469786
1596,-0.217946018702935,0.4332141538285217,0.5645591955209174
1597,0.6714471557477562,-1.215740699767967,-0.268474899878332
1598,0.07367096417474629,0.7846546205731258,0.14754738696344818
1599,0.0291588044568689,0.09846235101510671,0.8812636116749327
1600,-0.785692990754294,0.303285777488453,-0.003627838502990446
1601,0.43631163289265723,0.08014970234355236,1.1535234072468914
1602,-0.45131438021732245,-0.0044715161914621335,-0.529687272222993
1603,-0.30929500913895686,-0.26014011854919283,-0.6399374983613669
1604,1.4081112304194507,-0.48749860970104975,0.04260319392594809
1605,-1.0912364875621823,-0.6769750182278822,-1.624517370348773
1606,0.6372308030628515,-0.3083723614918842,0.3353450404685266
1607,-0.043797391426398116,0.11166996616477642,-0.05008236344377807
1608,1.3190210020336395,1.0855837288824357,-0.8906828421151245
1609,-0.4272992078509484,-0.15218109725435633,-0.06589472718559614
1610,0.19594686645848552,0.4172947550865421,-0.31267035981028374
1611,-0.15769576160077012,-0.08765946825924223,-0.49270222561778815
1612,-1.767436335665665,0.025930535113713758,1.6570967961937173
1613,0.11894943250358041,-0.33266023997814864,-1.1573615645260256
1614,-0.2461372479240935,-0.4839894276130085,-1.2913181864836834
1615,-0.8097718104344871,0.6662657973164939,0.7594699129342333
1616,0.15369974832319888,0.9435827420181707,0.3655371388295039
1617,-1.1789076117157584,0.14105847929448478,-0.4132716095136291
1618,0.15204002262634542,0.19898835402671006,0.14990626557334202
1619,0.09206332163033408,0.030795753914833322,-0.556578644625863
1620,-0.11390678185125165,0.3850702012972577,0.055445453192548955
1621,0.9770966943079819,-0.08611909184712147,-0.0660987015453376
1622,0.724539561644714,0.5673436677067085,0.38745220254853646
1623,-0.20623958948563817,-0.08203175489856286,1.2939329938403217
1624,-0.22530573086117137,-1.3310664832009116,0.8144380539408671
1625,0.21776040882893694,0.9577999346723801,0.15091156392748906
1626,0.02084976629084567,0.8149299726396173,-0.9389730602721617
1627,-0.305082058850235,-0.2889732769091277,-0.6017032777782332
1628,0.18308913387738687,0.1503107661749079,0.4028963619826907
1629,0.5849694040158325,0.6216088043470854,-0.024095808561103913
1630,0.4469295211074033,0.01152995796483221,-0.23728558703174346
1631,0.8421194030299975,0.42336070818932137,-0.5196122042397361
1632,1.2371375620105276,-0.10987647023627144,-0.33811814255468575
1633,-0.13032819908869536,-1.1338986494722232,-1.4010450976899653
1634,0.8665912960818555,0.7275709525539462,-0.19379678786234367
1635,0.012141436425752905,0.42962788036544836,0.5225527626611403
1636,0.05833265627744235,-0.4186710053422034,0.4459027923207612
1637,0.01722345106991884,-0.5151988921840235,0.783904875760722
1638,-0.22331414118464807,0.06688658629920986,-0.3274770752620438
1639,-0.26280920211749587,1.6357256625309946,-0.22847884213079214
1640,-0.28199509667197153,-0.006246418764467302,0.9373853859672492
1641,1.547872261984375,-0.33710328689235625,-0.5872008414673053
1642,0.974012962538293,0.10215396574369481,0.23182062962715186
1643,1.9573907033431464,-0.16660276756498849,-0.11271177556905754
1644,-0.4992963607598757,0.3825852721671921,0.5846629740356858
1645,0.40627964538782996,0.6030964628903323,2.0663204843069027
1646,1.9451629357074338,-0.12941322659799293,1.5054358055358201
1647,-1.5420271161857448,-0.8524585707116012,0.7394882570858728
1648,0.7447178440715778,0.37559261405459926,0.7684117333852182
1649,0.23518847487503527,0.7848649433927297,0.305480089871438
1650,0.411461301620515,-0.5572564339969774,0.9550148312100432
1651,1.161601287266178,-0.12373311847664231,0.1114032191770398
1652,-0.23185915243583588,0.8558088843570568,-1.141169124218308
1653,0.45178999827189814,-0.18791946381111696,0.681242697111172
1654,-0.5482915352731149,-0.2637143601154617,-0.691738120401105
1655,-0.6571873081527363,-0.553589832160108,-0.33515377675274094
1656,-0.630494703831689,0.4690744771039683,0.09830570082153142
1657,-1.9493101111388897,0.41595853158701795,-0.2664724136407974
1658,1.997279400998733,0.6740977982917373,0.02445894516338477
1659,-0.8331652637763628,0.2240867390084937,1.1229536561313707
1660,-0.6174102939189785,-0.14612428752893739,-1.2516554207581396
1661,1.996742806356079,-0.2784461182494355,0.7665632922115834
1662,-0.02611421049821387,-0.25800286250966215,-0.0005092149121448035
1663,-0.20302530061267565,0.6524362400874685,1.6843050893457434
1664,0.36896773538742156,0.055100922539400896,1.1912139458916406
1665,-0.36148978976388185,-0.19504736268120765,0.847099764157033
1666,-1.4191665725399705,-0.6144091363807624,1.1204338314641011
1667,0.14325532622922169,0.05307707811780235,1.5000347028024903
1668,0.7908374212303492,-1.0254530985341566,-0.33938757861708363
1669,-0.2515401717445841,0.8477038627018676,1.650639177299493
1670,1.1603121691397518,-0.0639681280938178,0.21451646078189568
1671,-0.8132839035607652,0.08134903136302522,0.47592854415174735
1672,0.42042501009093663,-0.7930724226133359,-0.6732396537606952
1673,-0.19995686239093136,0.5584653155449018,1.0575983992656701
1674,-0.9524713928072102,-1.2049119187314516,0.023192293598380567
1675,-1.3036819705068667,-1.0001433445896961,0.3591577574380199
1676,0.09795611736307851,-0.19848308463590641,1.0638838000086683
1677,-0.9259006454236254,-0.497141487614041,-0.9019815831569852
1678,0.752220799336582,-0.21062330983367633,0.3878937729471862
1679,0.07891261722696188,-0.7367675209205318,0.6603237859750726
